Workbook

Sheet Table 7
C1: M4+ | D1: M5+ | E1: M6+ | F1: M7+ | G1: M8+
A2: Pacific Plate | B2: statistical mean | C2: =ROUND(AVERAGE('statistics-M4'!$I$2:$I$13)/365,3) -> 1.718 | D2: =ROUND(AVERAGE('statistics-M5'!$I$2:$I$13)/365,3) -> 2.193 | E2: =ROUND(AVERAGE('statistics-M6'!$I$2:$I$13)/365,3) -> 10.64 | F2: =ROUND(AVERAGE('statistics-M7'!$I$2:$I$13)/365,3) -> 2.984 | G2: =ROUND(AVERAGE('statistics-M8'!$I$2:$I$13)/365,3) -> 23.026
B3: statistical mode | C3: =ROUND(AVERAGE('statistics-M4'!$F$2:$F$13)/365,3) -> 0.646 | D3: =ROUND(AVERAGE('statistics-M5'!$F$2:$F$13)/365,3) -> 0.713 | E3: =ROUND(AVERAGE('statistics-M6'!$F$2:$F$13)/365,3) -> 6.724 | F3: =ROUND(AVERAGE('statistics-M7'!$F$2:$F$13)/365,3) -> 0.67 | G3: =ROUND(AVERAGE('statistics-M8'!$F$2:$F$13)/365,3) -> 9.585
B4: statistical median | C4: =ROUND(AVERAGE('statistics-M4'!$J$2:$J$13)/365,3) -> 1.123 | D4: =ROUND(AVERAGE('statistics-M5'!$J$2:$J$13)/365,3) -> 1.575 | E4: =ROUND(AVERAGE('statistics-M6'!$J$2:$J$13)/365,3) -> 9.165 | F4: =ROUND(AVERAGE('statistics-M7'!$J$2:$J$13)/365,3) -> 2 | G4: =ROUND(AVERAGE('statistics-M8'!$J$2:$J$13)/365,3) -> 17.24
B5: NFFT | C5: =ROUND(AVERAGE(NFFT_All!$C$2:$C$10),3) -> 1.685 | D5: =ROUND(AVERAGE(NFFT_All!$D$2:$D$10),3) -> 2.357 | E5: =ROUND(AVERAGE(NFFT_All!$E$2:$E$10),3) -> 1.988 | F5: =ROUND(AVERAGE(NFFT_All!$F$2:$F$10),3) -> 3.016 | G5: =ROUND(AVERAGE(NFFT_All!$G$2:$G$10),3) -> #DIV/0!
B6: LSP | C6: =ROUND(AVERAGE(LSP_All!$C$2:$C$10),3) -> 2.197 | D6: =ROUND(AVERAGE(LSP_All!$D$2:$D$10),3) -> 2.479 | E6: =ROUND(AVERAGE(LSP_All!$E$2:$E$10),3) -> 3.145 | F6: =ROUND(AVERAGE(LSP_All!$F$2:$F$10),3) -> 4.858 | G6: =ROUND(AVERAGE(LSP_All!$G$2:$G$10),3) -> #DIV/0!
A7: North American Plate | B7: statistical mean | C7: =ROUND(AVERAGE('statistics-M4'!$I$14:$I$25)/365,3) -> 1.735 | D7: =ROUND(AVERAGE('statistics-M5'!$I$14:$I$25)/365,3) -> 2.957 | E7: =ROUND(AVERAGE('statistics-M6'!$I$14:$I$25)/365,3) -> 8.657 | F7: =ROUND(AVERAGE('statistics-M7'!$I$14:$I$25)/365,3) -> 17.185 | G7: =ROUND(AVERAGE('statistics-M8'!$I$14:$I$25)/365,3) -> 22.498
B8: statistical mode | C8: =ROUND(AVERAGE('statistics-M4'!$F$14:$F$25)/365,3) -> 0.644 | D8: =ROUND(AVERAGE('statistics-M5'!$F$14:$F$25)/365,3) -> 0.624 | E8: =ROUND(AVERAGE('statistics-M6'!$F$14:$F$25)/365,3) -> 4.557 | F8: =ROUND(AVERAGE('statistics-M7'!$F$14:$F$25)/365,3) -> 8.783 | G8: =ROUND(AVERAGE('statistics-M8'!$F$14:$F$25)/365,3) -> 8.559
B9: statistical median | C9: =ROUND(AVERAGE('statistics-M4'!$J$14:$J$25)/365,3) -> 1.086 | D9: =ROUND(AVERAGE('statistics-M5'!$J$14:$J$25)/365,3) -> 2.072 | E9: =ROUND(AVERAGE('statistics-M6'!$J$14:$J$25)/365,3) -> 8.272 | F9: =ROUND(AVERAGE('statistics-M7'!$J$14:$J$25)/365,3) -> 15.028 | G9: =ROUND(AVERAGE('statistics-M8'!$J$14:$J$25)/365,3) -> 16.438
B10: NFFT | C10: =ROUND(AVERAGE(NFFT_All!$C$11:$C$21),3) -> 2.136 | D10: =ROUND(AVERAGE(NFFT_All!$D$11:$D$21),3) -> 2.383 | E10: =ROUND(AVERAGE(NFFT_All!$E$11:$E$21),3) -> 2.805 | F10: =ROUND(AVERAGE(NFFT_All!$F$11:$F$21),3) -> 7.293 | G10: =ROUND(AVERAGE(NFFT_All!$G$11:$G$21),3) -> #DIV/0!
B11: LSP | C11: =ROUND(AVERAGE(LSP_All!$C$11:$C$21),3) -> 2.784 | D11: =ROUND(AVERAGE(LSP_All!$D$11:$D$21),3) -> 2.51 | E11: =ROUND(AVERAGE(LSP_All!$E$11:$E$21),3) -> 2.817 | F11: =ROUND(AVERAGE(LSP_All!$F$11:$F$21),3) -> 4.305 | G11: =ROUND(AVERAGE(LSP_All!$G$11:$G$21),3) -> #DIV/0!
A12: Eurasian Plate | B12: statistical mean | C12: =ROUND(AVERAGE('statistics-M4'!$I$26:$I$37)/365,3) -> 1.393 | D12: =ROUND(AVERAGE('statistics-M5'!$I$26:$I$37)/365,3) -> 1.685 | E12: =ROUND(AVERAGE('statistics-M6'!$I$26:$I$37)/365,3) -> 7.134 | F12: =ROUND(AVERAGE('statistics-M7'!$I$26:$I$37)/365,3) -> 24.69 | G12: =ROUND(AVERAGE('statistics-M8'!$I$26:$I$37)/365,3) -> 14.754
B13: statistical mode | C13: =ROUND(AVERAGE('statistics-M4'!$F$26:$F$37)/365,3) -> 0.631 | D13: =ROUND(AVERAGE('statistics-M5'!$F$26:$F$37)/365,3) -> 0.637 | E13: =ROUND(AVERAGE('statistics-M6'!$F$26:$F$37)/365,3) -> 1.528 | F13: =ROUND(AVERAGE('statistics-M7'!$F$26:$F$37)/365,3) -> 8.331 | G13: =ROUND(AVERAGE('statistics-M8'!$F$26:$F$37)/365,3) -> 4.411
B14: statistical median | C14: =ROUND(AVERAGE('statistics-M4'!$J$26:$J$37)/365,3) -> 0.871 | D14: =ROUND(AVERAGE('statistics-M5'!$J$26:$J$37)/365,3) -> 1.014 | E14: =ROUND(AVERAGE('statistics-M6'!$J$26:$J$37)/365,3) -> 5.3 | F14: =ROUND(AVERAGE('statistics-M7'!$J$26:$J$37)/365,3) -> 21.125 | G14: =ROUND(AVERAGE('statistics-M8'!$J$26:$J$37)/365,3) -> 11.595
B15: NFFT | C15: =ROUND(AVERAGE(NFFT_All!$C$22:$C$33),3) -> 2.274 | D15: =ROUND(AVERAGE(NFFT_All!$D$22:$D$33),3) -> 2.911 | E15: =ROUND(AVERAGE(NFFT_All!$E$22:$E$33),3) -> 4.322 | F15: =ROUND(AVERAGE(NFFT_All!$F$22:$F$33),3) -> 2.488 | G15: =ROUND(AVERAGE(NFFT_All!$G$22:$G$33),3) -> #DIV/0!
B16: LSP | C16: =ROUND(AVERAGE(LSP_All!$C$22:$C$33),3) -> 1.899 | D16: =ROUND(AVERAGE(LSP_All!$D$22:$D$33),3) -> 2.07 | E16: =ROUND(AVERAGE(LSP_All!$E$22:$E$33),3) -> 7.61 | F16: =ROUND(AVERAGE(LSP_All!$F$22:$F$33),3) -> 2.448 | G16: =ROUND(AVERAGE(LSP_All!$G$22:$G$33),3) -> #DIV/0!
A17: Caribbean Plate | B17: statistical mean | C17: =ROUND(AVERAGE('statistics-M4'!$I$38:$I$45)/365,3) -> 1.842 | D17: =ROUND(AVERAGE('statistics-M5'!$I$38:$I$45)/365,3) -> 3.022 | E17: =ROUND(AVERAGE('statistics-M6'!$I$38:$I$45)/365,3) -> 3.272 | F17: =ROUND(AVERAGE('statistics-M7'!$I$38:$I$45)/365,3) -> 10.989 | G17: =ROUND(AVERAGE('statistics-M8'!$I$38:$I$45)/365,3) -> #DIV/0!
B18: statistical mode | C18: =ROUND(AVERAGE('statistics-M4'!$F$38:$F$45)/365,3) -> 0.611 | D18: =ROUND(AVERAGE('statistics-M5'!$F$38:$F$45)/365,3) -> 0.742 | E18: =ROUND(AVERAGE('statistics-M6'!$F$38:$F$45)/365,3) -> 0.697 | F18: =ROUND(AVERAGE('statistics-M7'!$F$38:$F$45)/365,3) -> 1.355 | G18: =ROUND(AVERAGE('statistics-M8'!$F$38:$F$45)/365,3) -> #DIV/0!
B19: statistical median | C19: =ROUND(AVERAGE('statistics-M4'!$J$38:$J$45)/365,3) -> 1.014 | D19: =ROUND(AVERAGE('statistics-M5'!$J$38:$J$45)/365,3) -> 2.66 | E19: =ROUND(AVERAGE('statistics-M6'!$J$38:$J$45)/365,3) -> 2.418 | F19: =ROUND(AVERAGE('statistics-M7'!$J$38:$J$45)/365,3) -> 8.34 | G19: =ROUND(AVERAGE('statistics-M8'!$J$38:$J$45)/365,3) -> #DIV/0!
B20: NFFT | C20: =ROUND(AVERAGE(NFFT_All!$C$34:$C$38),3) -> 2.42 | D20: =ROUND(AVERAGE(NFFT_All!$D$34:$D$38),3) -> 2.699 | E20: =ROUND(AVERAGE(NFFT_All!$E$34:$E$38),3) -> 3.986 | F20: =ROUND(AVERAGE(NFFT_All!$F$34:$F$38),3) -> #DIV/0! | G20: =ROUND(AVERAGE(NFFT_All!$G$34:$G$38),3) -> #DIV/0!
B21: LSP | C21: =ROUND(AVERAGE(LSP_All!$C$34:$C$38),3) -> 2.579 | D21: =ROUND(AVERAGE(LSP_All!$D$34:$D$38),3) -> 2.011 | E21: =ROUND(AVERAGE(LSP_All!$E$34:$E$38),3) -> 5.934 | F21: =ROUND(AVERAGE(LSP_All!$F$34:$F$38),3) -> 11.682 | G21: =ROUND(AVERAGE(LSP_All!$G$34:$G$38),3) -> #DIV/0!
A22: South American Plate | B22: statistical mean | C22: =ROUND(AVERAGE('statistics-M4'!$I$46:$I$57)/365,3) -> 2.225 | D22: =ROUND(AVERAGE('statistics-M5'!$I$46:$I$57)/365,3) -> 4.025 | E22: =ROUND(AVERAGE('statistics-M6'!$I$46:$I$57)/365,3) -> 4.156 | F22: =ROUND(AVERAGE('statistics-M7'!$I$46:$I$57)/365,3) -> 20.455 | G22: =ROUND(AVERAGE('statistics-M8'!$I$46:$I$57)/365,3) -> 14.234
B23: statistical mode | C23: =ROUND(AVERAGE('statistics-M4'!$F$46:$F$57)/365,3) -> 0.738 | D23: =ROUND(AVERAGE('statistics-M5'!$F$46:$F$57)/365,3) -> 0.779 | E23: =ROUND(AVERAGE('statistics-M6'!$F$46:$F$57)/365,3) -> 0.955 | F23: =ROUND(AVERAGE('statistics-M7'!$F$46:$F$57)/365,3) -> 17.139 | G23: =ROUND(AVERAGE('statistics-M8'!$F$46:$F$57)/365,3) -> 1.856
B24: statistical median | C24: =ROUND(AVERAGE('statistics-M4'!$J$46:$J$57)/365,3) -> 1.15 | D24: =ROUND(AVERAGE('statistics-M5'!$J$46:$J$57)/365,3) -> 2.251 | E24: =ROUND(AVERAGE('statistics-M6'!$J$46:$J$57)/365,3) -> 2.43 | F24: =ROUND(AVERAGE('statistics-M7'!$J$46:$J$57)/365,3) -> 19.73 | G24: =ROUND(AVERAGE('statistics-M8'!$J$46:$J$57)/365,3) -> 13.955
B25: NFFT | C25: =ROUND(AVERAGE(NFFT_All!$C$39:$C$50),3) -> 2.1 | D25: =ROUND(AVERAGE(NFFT_All!$D$39:$D$50),3) -> 2.749 | E25: =ROUND(AVERAGE(NFFT_All!$E$39:$E$50),3) -> 3.236 | F25: =ROUND(AVERAGE(NFFT_All!$F$39:$F$50),3) -> 4.883 | G25: =ROUND(AVERAGE(NFFT_All!$G$39:$G$50),3) -> #DIV/0!
B26: LSP | C26: =ROUND(AVERAGE(LSP_All!$C$39:$C$50),3) -> 3.353 | D26: =ROUND(AVERAGE(LSP_All!$D$39:$D$50),3) -> 2.415 | E26: =ROUND(AVERAGE(LSP_All!$E$39:$E$50),3) -> 4.784 | F26: =ROUND(AVERAGE(LSP_All!$F$39:$F$50),3) -> 3.631 | G26: =ROUND(AVERAGE(LSP_All!$G$39:$G$50),3) -> 18.159
A27: Indo-Australian Plate | B27: statistical mean | C27: =ROUND(AVERAGE('statistics-M4'!$I$58:$I$69)/365,3) -> 1.414 | D27: =ROUND(AVERAGE('statistics-M5'!$I$58:$I$69)/365,3) -> 1.668 | E27: =ROUND(AVERAGE('statistics-M6'!$I$58:$I$69)/365,3) -> 7.156 | F27: =ROUND(AVERAGE('statistics-M7'!$I$58:$I$69)/365,3) -> 7.852 | G27: =ROUND(AVERAGE('statistics-M8'!$I$58:$I$69)/365,3) -> 31.576
B28: statistical mode | C28: =ROUND(AVERAGE('statistics-M4'!$F$58:$F$69)/365,3) -> 0.61 | D28: =ROUND(AVERAGE('statistics-M5'!$F$58:$F$69)/365,3) -> 0.663 | E28: =ROUND(AVERAGE('statistics-M6'!$F$58:$F$69)/365,3) -> 4.149 | F28: =ROUND(AVERAGE('statistics-M7'!$F$58:$F$69)/365,3) -> 1.652 | G28: =ROUND(AVERAGE('statistics-M8'!$F$58:$F$69)/365,3) -> 23.196
B29: statistical median | C29: =ROUND(AVERAGE('statistics-M4'!$J$58:$J$69)/365,3) -> 0.953 | D29: =ROUND(AVERAGE('statistics-M5'!$J$58:$J$69)/365,3) -> 1.07 | E29: =ROUND(AVERAGE('statistics-M6'!$J$58:$J$69)/365,3) -> 6.148 | F29: =ROUND(AVERAGE('statistics-M7'!$J$58:$J$69)/365,3) -> 7.171 | G29: =ROUND(AVERAGE('statistics-M8'!$J$58:$J$69)/365,3) -> 30.41
B30: NFFT | C30: =ROUND(AVERAGE(NFFT_All!$C$51:$C$59),3) -> 2.03 | D30: =ROUND(AVERAGE(NFFT_All!$D$51:$D$59),3) -> 2.201 | E30: =ROUND(AVERAGE(NFFT_All!$E$51:$E$59),3) -> 2.844 | F30: =ROUND(AVERAGE(NFFT_All!$F$51:$F$59),3) -> 3.862 | G30: =ROUND(AVERAGE(NFFT_All!$G$51:$G$59),3) -> #DIV/0!
B31: LSP | C31: =ROUND(AVERAGE(LSP_All!$C$51:$C$59),3) -> 2.106 | D31: =ROUND(AVERAGE(LSP_All!$D$51:$D$59),3) -> 2.196 | E31: =ROUND(AVERAGE(LSP_All!$E$51:$E$59),3) -> 4.663 | F31: =ROUND(AVERAGE(LSP_All!$F$51:$F$59),3) -> 7.076 | G31: =ROUND(AVERAGE(LSP_All!$G$51:$G$59),3) -> 11.978
A32: African Plate | B32: statistical mean | C32: =ROUND(AVERAGE('statistics-M4'!$I$70:$I$80)/365,3) -> 2.45 | D32: =ROUND(AVERAGE('statistics-M5'!$I$70:$I$80)/365,3) -> 4.454 | E32: =ROUND(AVERAGE('statistics-M6'!$I$70:$I$80)/365,3) -> 13.791 | F32: =ROUND(AVERAGE('statistics-M7'!$I$70:$I$80)/365,3) -> #DIV/0! | G32: =ROUND(AVERAGE('statistics-M8'!$I$70:$I$80)/365,3) -> #DIV/0!
B33: statistical mode | C33: =ROUND(AVERAGE('statistics-M4'!$F$70:$F$80)/365,3) -> 0.626 | D33: =ROUND(AVERAGE('statistics-M5'!$F$70:$F$80)/365,3) -> 0.781 | E33: =ROUND(AVERAGE('statistics-M6'!$F$70:$F$80)/365,3) -> 4.335 | F33: =ROUND(AVERAGE('statistics-M7'!$F$70:$F$80)/365,3) -> #DIV/0! | G33: =ROUND(AVERAGE('statistics-M8'!$F$70:$F$80)/365,3) -> #DIV/0!
B34: statistical median | C34: =ROUND(AVERAGE('statistics-M4'!$J$70:$J$80)/365,3) -> 1.438 | D34: =ROUND(AVERAGE('statistics-M5'!$J$70:$J$80)/365,3) -> 2.603 | E34: =ROUND(AVERAGE('statistics-M6'!$J$70:$J$80)/365,3) -> 11.581 | F34: =ROUND(AVERAGE('statistics-M7'!$J$70:$J$80)/365,3) -> #DIV/0! | G34: =ROUND(AVERAGE('statistics-M8'!$J$70:$J$80)/365,3) -> #DIV/0!
B35: NFFT | C35: =ROUND(AVERAGE(NFFT_All!$C$60:$C$69),3) -> 2.133 | D35: =ROUND(AVERAGE(NFFT_All!$D$60:$D$69),3) -> 1.766 | E35: =ROUND(AVERAGE(NFFT_All!$E$60:$E$69),3) -> #DIV/0! | F35: =ROUND(AVERAGE(NFFT_All!$F$60:$F$69),3) -> #DIV/0! | G35: =ROUND(AVERAGE(NFFT_All!$G$60:$G$69),3) -> #DIV/0!
B36: LSP | C36: =ROUND(AVERAGE(LSP_All!$C$60:$C$69),3) -> 3.927 | D36: =ROUND(AVERAGE(LSP_All!$D$60:$D$69),3) -> 5.456 | E36: =ROUND(AVERAGE(LSP_All!$E$60:$E$69),3) -> #DIV/0! | F36: =ROUND(AVERAGE(LSP_All!$F$60:$F$69),3) -> #DIV/0! | G36: =ROUND(AVERAGE(LSP_All!$G$60:$G$69),3) -> #DIV/0!

Sheet LSP_All
A1: country | B1: cluster_id | C1: M4+ | D1: M5+ | E1: M6+ | F1: M7+ | G1: M8+ | I1: M4-LSP-mean | J1: M5-LSP-mean | K1: M6-LSP-mean | L1: M7-LSP-mean | M1: M8-LSP-mean | O1: M4-LSP-mode | P1: M5-LSP-mode | Q1: M6-LSP-mode | R1: M7-LSP-mode | S1: M8-LSP-mode | U1: M4-LSP-med | V1: M5-LSP-med | W1: M6-LSP-med | X1: M7-LSP-med | Y1: M8-LSP-med
A2: Japan | B2: 1 | C2: 0.977 | D2: 0.977 | E2: 0.975 | F2: 3.528 | I2: =IF(ISBLANK(LSP_All[[#This Row],[M4+]]),"",ABS(LSP_All[[#This Row],[M4+]]-(statistics_M4[[#This Row],[mean_gap]]/365))) -> 0.094156816 | J2: =IF(ISBLANK(LSP_All[[#This Row],[M5+]]),"",ABS(LSP_All[[#This Row],[M5+]]-(statistics_M5[[#This Row],[mean_gap]]/365))) -> 0.094156816 | K2: =IF(ISBLANK(LSP_All[[#This Row],[M6+]]),"",ABS(LSP_All[[#This Row],[M6+]]-(statistics_M6[[#This Row],[mean_gap]]/365))) -> 0.077407045 | L2: =IF(ISBLANK(LSP_All[[#This Row],[M7+]]),"",ABS(LSP_All[[#This Row],[M7+]]-(statistics_M7[[#This Row],[mean_gap]]/365))) -> 1.7328141 | M2: =IF(ISBLANK(LSP_All[[#This Row],[M8+]]),"",ABS(LSP_All[[#This Row],[M8+]]-(statistics_M8[[#This Row],[mean_gap]]/365))) | O2: =IF(ISBLANK(LSP_All[[#This Row],[M4+]]),"",ABS(LSP_All[[#This Row],[M4+]]-(statistics_M4[[#This Row],[exact_mode]]/365))) -> 0.44549315 | P2: =IF(ISBLANK(LSP_All[[#This Row],[M5+]]),"",ABS(LSP_All[[#This Row],[M5+]]-(statistics_M5[[#This Row],[exact_mode]]/365))) -> 0.44549315 | Q2: =IF(ISBLANK(LSP_All[[#This Row],[M6+]]),"",ABS(LSP_All[[#This Row],[M6+]]-(statistics_M6[[#This Row],[exact_mode]]/365))) -> 0.44349315 | R2: =IF(ISBLANK(LSP_All[[#This Row],[M7+]]),"",ABS(LSP_All[[#This Row],[M7+]]-(statistics_M7[[#This Row],[exact_mode]]/365))) -> 2.9937534 | S2: =IF(ISBLANK(LSP_All[[#This Row],[M8+]]),"",ABS(LSP_All[[#This Row],[M8+]]-(statistics_M8[[#This Row],[exact_mode]]/365))) | U2: =IF(ISBLANK(LSP_All[[#This Row],[M4+]]),"",ABS(LSP_All[[#This Row],[M4+]]-(statistics_M4[[#This Row],[median_gap]]/365))) -> 0.1660411 | V2: =IF(ISBLANK(LSP_All[[#This Row],[M5+]]),"",ABS(LSP_All[[#This Row],[M5+]]-(statistics_M5[[#This Row],[median_gap]]/365))) -> 0.1660411 | W2: =IF(ISBLANK(LSP_All[[#This Row],[M6+]]),"",ABS(LSP_All[[#This Row],[M6+]]-(statistics_M6[[#This Row],[median_gap]]/365))) -> 0.15034247 | X2: =IF(ISBLANK(LSP_All[[#This Row],[M7+]]),"",ABS(LSP_All[[#This Row],[M7+]]-(statistics_M7[[#This Row],[median_gap]]/365))) -> 2.2293699 | Y2: =IF(ISBLANK(LSP_All[[#This Row],[M8+]]),"",ABS(LSP_All[[#This Row],[M8+]]-(statistics_M8[[#This Row],[median_gap]]/365)))
A3: Japan | B3: 2 | C3: 2.282 | D3: 2.282 | E3: 1.503 | F3: 11.833 | I3: =IF(ISBLANK(LSP_All[[#This Row],[M4+]]),"",ABS(LSP_All[[#This Row],[M4+]]-(statistics_M4[[#This Row],[mean_gap]]/365))) -> 1.3121582 | J3: =IF(ISBLANK(LSP_All[[#This Row],[M5+]]),"",ABS(LSP_All[[#This Row],[M5+]]-(statistics_M5[[#This Row],[mean_gap]]/365))) -> 1.3121582 | K3: =IF(ISBLANK(LSP_All[[#This Row],[M6+]]),"",ABS(LSP_All[[#This Row],[M6+]]-(statistics_M6[[#This Row],[mean_gap]]/365))) -> 0.40554746 | L3: =IF(ISBLANK(LSP_All[[#This Row],[M7+]]),"",ABS(LSP_All[[#This Row],[M7+]]-(statistics_M7[[#This Row],[mean_gap]]/365))) -> 6.2326264 | M3: =IF(ISBLANK(LSP_All[[#This Row],[M8+]]),"",ABS(LSP_All[[#This Row],[M8+]]-(statistics_M8[[#This Row],[mean_gap]]/365))) | O3: =IF(ISBLANK(LSP_All[[#This Row],[M4+]]),"",ABS(LSP_All[[#This Row],[M4+]]-(statistics_M4[[#This Row],[exact_mode]]/365))) -> 1.7395342 | P3: =IF(ISBLANK(LSP_All[[#This Row],[M5+]]),"",ABS(LSP_All[[#This Row],[M5+]]-(statistics_M5[[#This Row],[exact_mode]]/365))) -> 1.7395342 | Q3: =IF(ISBLANK(LSP_All[[#This Row],[M6+]]),"",ABS(LSP_All[[#This Row],[M6+]]-(statistics_M6[[#This Row],[exact_mode]]/365))) -> 0.96053425 | R3: =IF(ISBLANK(LSP_All[[#This Row],[M7+]]),"",ABS(LSP_All[[#This Row],[M7+]]-(statistics_M7[[#This Row],[exact_mode]]/365))) -> 11.326151 | S3: =IF(ISBLANK(LSP_All[[#This Row],[M8+]]),"",ABS(LSP_All[[#This Row],[M8+]]-(statistics_M8[[#This Row],[exact_mode]]/365))) | U3: =IF(ISBLANK(LSP_All[[#This Row],[M4+]]),"",ABS(LSP_All[[#This Row],[M4+]]-(statistics_M4[[#This Row],[median_gap]]/365))) -> 1.4546027 | V3: =IF(ISBLANK(LSP_All[[#This Row],[M5+]]),"",ABS(LSP_All[[#This Row],[M5+]]-(statistics_M5[[#This Row],[median_gap]]/365))) -> 1.4546027 | W3: =IF(ISBLANK(LSP_All[[#This Row],[M6+]]),"",ABS(LSP_All[[#This Row],[M6+]]-(statistics_M6[[#This Row],[median_gap]]/365))) -> 0.50847945 | X3: =IF(ISBLANK(LSP_All[[#This Row],[M7+]]),"",ABS(LSP_All[[#This Row],[M7+]]-(statistics_M7[[#This Row],[median_gap]]/365))) -> 8.5261507 | Y3: =IF(ISBLANK(LSP_All[[#This Row],[M8+]]),"",ABS(LSP_All[[#This Row],[M8+]]-(statistics_M8[[#This Row],[median_gap]]/365)))
A4: Japan | B4: 3 | C4: 6.092 | D4: 7.199 | I4: =IF(ISBLANK(LSP_All[[#This Row],[M4+]]),"",ABS(LSP_All[[#This Row],[M4+]]-(statistics_M4[[#This Row],[mean_gap]]/365))) -> 2.5693212 | J4: =IF(ISBLANK(LSP_All[[#This Row],[M5+]]),"",ABS(LSP_All[[#This Row],[M5+]]-(statistics_M5[[#This Row],[mean_gap]]/365))) -> 0.85817808 | K4: =IF(ISBLANK(LSP_All[[#This Row],[M6+]]),"",ABS(LSP_All[[#This Row],[M6+]]-(statistics_M6[[#This Row],[mean_gap]]/365))) | L4: =IF(ISBLANK(LSP_All[[#This Row],[M7+]]),"",ABS(LSP_All[[#This Row],[M7+]]-(statistics_M7[[#This Row],[mean_gap]]/365))) | M4: =IF(ISBLANK(LSP_All[[#This Row],[M8+]]),"",ABS(LSP_All[[#This Row],[M8+]]-(statistics_M8[[#This Row],[mean_gap]]/365))) | O4: =IF(ISBLANK(LSP_All[[#This Row],[M4+]]),"",ABS(LSP_All[[#This Row],[M4+]]-(statistics_M4[[#This Row],[exact_mode]]/365))) -> 5.5714521 | P4: =IF(ISBLANK(LSP_All[[#This Row],[M5+]]),"",ABS(LSP_All[[#This Row],[M5+]]-(statistics_M5[[#This Row],[exact_mode]]/365))) -> 6.6784521 | Q4: =IF(ISBLANK(LSP_All[[#This Row],[M6+]]),"",ABS(LSP_All[[#This Row],[M6+]]-(statistics_M6[[#This Row],[exact_mode]]/365))) | R4: =IF(ISBLANK(LSP_All[[#This Row],[M7+]]),"",ABS(LSP_All[[#This Row],[M7+]]-(statistics_M7[[#This Row],[exact_mode]]/365))) | S4: =IF(ISBLANK(LSP_All[[#This Row],[M8+]]),"",ABS(LSP_All[[#This Row],[M8+]]-(statistics_M8[[#This Row],[exact_mode]]/365))) | U4: =IF(ISBLANK(LSP_All[[#This Row],[M4+]]),"",ABS(LSP_All[[#This Row],[M4+]]-(statistics_M4[[#This Row],[median_gap]]/365))) -> 4.7906301 | V4: =IF(ISBLANK(LSP_All[[#This Row],[M5+]]),"",ABS(LSP_All[[#This Row],[M5+]]-(statistics_M5[[#This Row],[median_gap]]/365))) -> 2.2784521 | W4: =IF(ISBLANK(LSP_All[[#This Row],[M6+]]),"",ABS(LSP_All[[#This Row],[M6+]]-(statistics_M6[[#This Row],[median_gap]]/365))) | X4: =IF(ISBLANK(LSP_All[[#This Row],[M7+]]),"",ABS(LSP_All[[#This Row],[M7+]]-(statistics_M7[[#This Row],[median_gap]]/365))) | Y4: =IF(ISBLANK(LSP_All[[#This Row],[M8+]]),"",ABS(LSP_All[[#This Row],[M8+]]-(statistics_M8[[#This Row],[median_gap]]/365)))
A5: Papua New Guinea | B5: 1 | C5: 1.528 | D5: 1.528 | E5: 1.528 | F5: 2.014 | I5: =IF(ISBLANK(LSP_All[[#This Row],[M4+]]),"",ABS(LSP_All[[#This Row],[M4+]]-(statistics_M4[[#This Row],[mean_gap]]/365))) -> 0.62381213 | J5: =IF(ISBLANK(LSP_All[[#This Row],[M5+]]),"",ABS(LSP_All[[#This Row],[M5+]]-(statistics_M5[[#This Row],[mean_gap]]/365))) -> 0.62381213 | K5: =IF(ISBLANK(LSP_All[[#This Row],[M6+]]),"",ABS(LSP_All[[#This Row],[M6+]]-(statistics_M6[[#This Row],[mean_gap]]/365))) -> 0.62381213 | L5: =IF(ISBLANK(LSP_All[[#This Row],[M7+]]),"",ABS(LSP_All[[#This Row],[M7+]]-(statistics_M7[[#This Row],[mean_gap]]/365))) -> 0.20070427 | M5: =IF(ISBLANK(LSP_All[[#This Row],[M8+]]),"",ABS(LSP_All[[#This Row],[M8+]]-(statistics_M8[[#This Row],[mean_gap]]/365))) | O5: =IF(ISBLANK(LSP_All[[#This Row],[M4+]]),"",ABS(LSP_All[[#This Row],[M4+]]-(statistics_M4[[#This Row],[exact_mode]]/365))) -> 0.93621918 | P5: =IF(ISBLANK(LSP_All[[#This Row],[M5+]]),"",ABS(LSP_All[[#This Row],[M5+]]-(statistics_M5[[#This Row],[exact_mode]]/365))) -> 0.93621918 | Q5: =IF(ISBLANK(LSP_All[[#This Row],[M6+]]),"",ABS(LSP_All[[#This Row],[M6+]]-(statistics_M6[[#This Row],[exact_mode]]/365))) -> 0.93621918 | R5: =IF(ISBLANK(LSP_All[[#This Row],[M7+]]),"",ABS(LSP_All[[#This Row],[M7+]]-(statistics_M7[[#This Row],[exact_mode]]/365))) -> 0.9509863 | S5: =IF(ISBLANK(LSP_All[[#This Row],[M8+]]),"",ABS(LSP_All[[#This Row],[M8+]]-(statistics_M8[[#This Row],[exact_mode]]/365))) | U5: =IF(ISBLANK(LSP_All[[#This Row],[M4+]]),"",ABS(LSP_All[[#This Row],[M4+]]-(statistics_M4[[#This Row],[median_gap]]/365))) -> 0.74443836 | V5: =IF(ISBLANK(LSP_All[[#This Row],[M5+]]),"",ABS(LSP_All[[#This Row],[M5+]]-(statistics_M5[[#This Row],[median_gap]]/365))) -> 0.74443836 | W5: =IF(ISBLANK(LSP_All[[#This Row],[M6+]]),"",ABS(LSP_All[[#This Row],[M6+]]-(statistics_M6[[#This Row],[median_gap]]/365))) -> 0.74443836 | X5: =IF(ISBLANK(LSP_All[[#This Row],[M7+]]),"",ABS(LSP_All[[#This Row],[M7+]]-(statistics_M7[[#This Row],[median_gap]]/365))) -> 0.7249589 | Y5: =IF(ISBLANK(LSP_All[[#This Row],[M8+]]),"",ABS(LSP_All[[#This Row],[M8+]]-(statistics_M8[[#This Row],[median_gap]]/365)))
A6: Papua New Guinea | B6: 2 | C6: 2.073 | D6: 1.582 | E6: 11.668 | I6: =IF(ISBLANK(LSP_All[[#This Row],[M4+]]),"",ABS(LSP_All[[#This Row],[M4+]]-(statistics_M4[[#This Row],[mean_gap]]/365))) -> 0.82850307 | J6: =IF(ISBLANK(LSP_All[[#This Row],[M5+]]),"",ABS(LSP_All[[#This Row],[M5+]]-(statistics_M5[[#This Row],[mean_gap]]/365))) -> 0.012851697 | K6: =IF(ISBLANK(LSP_All[[#This Row],[M6+]]),"",ABS(LSP_All[[#This Row],[M6+]]-(statistics_M6[[#This Row],[mean_gap]]/365))) -> 5.7160697 | L6: =IF(ISBLANK(LSP_All[[#This Row],[M7+]]),"",ABS(LSP_All[[#This Row],[M7+]]-(statistics_M7[[#This Row],[mean_gap]]/365))) | M6: =IF(ISBLANK(LSP_All[[#This Row],[M8+]]),"",ABS(LSP_All[[#This Row],[M8+]]-(statistics_M8[[#This Row],[mean_gap]]/365))) | O6: =IF(ISBLANK(LSP_All[[#This Row],[M4+]]),"",ABS(LSP_All[[#This Row],[M4+]]-(statistics_M4[[#This Row],[exact_mode]]/365))) -> 1.5743699 | P6: =IF(ISBLANK(LSP_All[[#This Row],[M5+]]),"",ABS(LSP_All[[#This Row],[M5+]]-(statistics_M5[[#This Row],[exact_mode]]/365))) -> 1.0148767 | Q6: =IF(ISBLANK(LSP_All[[#This Row],[M6+]]),"",ABS(LSP_All[[#This Row],[M6+]]-(statistics_M6[[#This Row],[exact_mode]]/365))) -> 10.985808 | R6: =IF(ISBLANK(LSP_All[[#This Row],[M7+]]),"",ABS(LSP_All[[#This Row],[M7+]]-(statistics_M7[[#This Row],[exact_mode]]/365))) | S6: =IF(ISBLANK(LSP_All[[#This Row],[M8+]]),"",ABS(LSP_All[[#This Row],[M8+]]-(statistics_M8[[#This Row],[exact_mode]]/365))) | U6: =IF(ISBLANK(LSP_All[[#This Row],[M4+]]),"",ABS(LSP_All[[#This Row],[M4+]]-(statistics_M4[[#This Row],[median_gap]]/365))) -> 1.082589 | V6: =IF(ISBLANK(LSP_All[[#This Row],[M5+]]),"",ABS(LSP_All[[#This Row],[M5+]]-(statistics_M5[[#This Row],[median_gap]]/365))) -> 0.34090411 | W6: =IF(ISBLANK(LSP_All[[#This Row],[M6+]]),"",ABS(LSP_All[[#This Row],[M6+]]-(statistics_M6[[#This Row],[median_gap]]/365))) -> 8.4762192 | X6: =IF(ISBLANK(LSP_All[[#This Row],[M7+]]),"",ABS(LSP_All[[#This Row],[M7+]]-(statistics_M7[[#This Row],[median_gap]]/365))) | Y6: =IF(ISBLANK(LSP_All[[#This Row],[M8+]]),"",ABS(LSP_All[[#This Row],[M8+]]-(statistics_M8[[#This Row],[median_gap]]/365)))
A7: Papua New Guinea | B7: 3 | C7: 2.516 | D7: 4.154 | I7: =IF(ISBLANK(LSP_All[[#This Row],[M4+]]),"",ABS(LSP_All[[#This Row],[M4+]]-(statistics_M4[[#This Row],[mean_gap]]/365))) -> 0.25030365 | J7: =IF(ISBLANK(LSP_All[[#This Row],[M5+]]),"",ABS(LSP_All[[#This Row],[M5+]]-(statistics_M5[[#This Row],[mean_gap]]/365))) -> 0.88088356 | K7: =IF(ISBLANK(LSP_All[[#This Row],[M6+]]),"",ABS(LSP_All[[#This Row],[M6+]]-(statistics_M6[[#This Row],[mean_gap]]/365))) | L7: =IF(ISBLANK(LSP_All[[#This Row],[M7+]]),"",ABS(LSP_All[[#This Row],[M7+]]-(statistics_M7[[#This Row],[mean_gap]]/365))) | M7: =IF(ISBLANK(LSP_All[[#This Row],[M8+]]),"",ABS(LSP_All[[#This Row],[M8+]]-(statistics_M8[[#This Row],[mean_gap]]/365))) | O7: =IF(ISBLANK(LSP_All[[#This Row],[M4+]]),"",ABS(LSP_All[[#This Row],[M4+]]-(statistics_M4[[#This Row],[exact_mode]]/365))) -> 1.9023014 | P7: =IF(ISBLANK(LSP_All[[#This Row],[M5+]]),"",ABS(LSP_All[[#This Row],[M5+]]-(statistics_M5[[#This Row],[exact_mode]]/365))) -> 3.0033151 | Q7: =IF(ISBLANK(LSP_All[[#This Row],[M6+]]),"",ABS(LSP_All[[#This Row],[M6+]]-(statistics_M6[[#This Row],[exact_mode]]/365))) | R7: =IF(ISBLANK(LSP_All[[#This Row],[M7+]]),"",ABS(LSP_All[[#This Row],[M7+]]-(statistics_M7[[#This Row],[exact_mode]]/365))) | S7: =IF(ISBLANK(LSP_All[[#This Row],[M8+]]),"",ABS(LSP_All[[#This Row],[M8+]]-(statistics_M8[[#This Row],[exact_mode]]/365))) | U7: =IF(ISBLANK(LSP_All[[#This Row],[M4+]]),"",ABS(LSP_All[[#This Row],[M4+]]-(statistics_M4[[#This Row],[median_gap]]/365))) -> 1.3831233 | V7: =IF(ISBLANK(LSP_All[[#This Row],[M5+]]),"",ABS(LSP_All[[#This Row],[M5+]]-(statistics_M5[[#This Row],[median_gap]]/365))) -> 2.6690685 | W7: =IF(ISBLANK(LSP_All[[#This Row],[M6+]]),"",ABS(LSP_All[[#This Row],[M6+]]-(statistics_M6[[#This Row],[median_gap]]/365))) | X7: =IF(ISBLANK(LSP_All[[#This Row],[M7+]]),"",ABS(LSP_All[[#This Row],[M7+]]-(statistics_M7[[#This Row],[median_gap]]/365))) | Y7: =IF(ISBLANK(LSP_All[[#This Row],[M8+]]),"",ABS(LSP_All[[#This Row],[M8+]]-(statistics_M8[[#This Row],[median_gap]]/365)))
A8: Philippines | B8: 1 | C8: 1.104 | D8: 1.104 | E8: 2.192 | F8: 2.965 | I8: =IF(ISBLANK(LSP_All[[#This Row],[M4+]]),"",ABS(LSP_All[[#This Row],[M4+]]-(statistics_M4[[#This Row],[mean_gap]]/365))) -> 0.23896956 | J8: =IF(ISBLANK(LSP_All[[#This Row],[M5+]]),"",ABS(LSP_All[[#This Row],[M5+]]-(statistics_M5[[#This Row],[mean_gap]]/365))) -> 0.23896956 | K8: =IF(ISBLANK(LSP_All[[#This Row],[M6+]]),"",ABS(LSP_All[[#This Row],[M6+]]-(statistics_M6[[#This Row],[mean_gap]]/365))) -> 1.2893595 | L8: =IF(ISBLANK(LSP_All[[#This Row],[M7+]]),"",ABS(LSP_All[[#This Row],[M7+]]-(statistics_M7[[#This Row],[mean_gap]]/365))) -> 0.98778756 | M8: =IF(ISBLANK(LSP_All[[#This Row],[M8+]]),"",ABS(LSP_All[[#This Row],[M8+]]-(statistics_M8[[#This Row],[mean_gap]]/365))) | O8: =IF(ISBLANK(LSP_All[[#This Row],[M4+]]),"",ABS(LSP_All[[#This Row],[M4+]]-(statistics_M4[[#This Row],[exact_mode]]/365))) -> 0.60263014 | P8: =IF(ISBLANK(LSP_All[[#This Row],[M5+]]),"",ABS(LSP_All[[#This Row],[M5+]]-(statistics_M5[[#This Row],[exact_mode]]/365))) -> 0.60263014 | Q8: =IF(ISBLANK(LSP_All[[#This Row],[M6+]]),"",ABS(LSP_All[[#This Row],[M6+]]-(statistics_M6[[#This Row],[exact_mode]]/365))) -> 1.6906301 | R8: =IF(ISBLANK(LSP_All[[#This Row],[M7+]]),"",ABS(LSP_All[[#This Row],[M7+]]-(statistics_M7[[#This Row],[exact_mode]]/365))) -> 2.3704795 | S8: =IF(ISBLANK(LSP_All[[#This Row],[M8+]]),"",ABS(LSP_All[[#This Row],[M8+]]-(statistics_M8[[#This Row],[exact_mode]]/365))) | U8: =IF(ISBLANK(LSP_All[[#This Row],[M4+]]),"",ABS(LSP_All[[#This Row],[M4+]]-(statistics_M4[[#This Row],[median_gap]]/365))) -> 0.35742466 | V8: =IF(ISBLANK(LSP_All[[#This Row],[M5+]]),"",ABS(LSP_All[[#This Row],[M5+]]-(statistics_M5[[#This Row],[median_gap]]/365))) -> 0.35742466 | W8: =IF(ISBLANK(LSP_All[[#This Row],[M6+]]),"",ABS(LSP_All[[#This Row],[M6+]]-(statistics_M6[[#This Row],[median_gap]]/365))) -> 1.4440548 | X8: =IF(ISBLANK(LSP_All[[#This Row],[M7+]]),"",ABS(LSP_All[[#This Row],[M7+]]-(statistics_M7[[#This Row],[median_gap]]/365))) -> 1.3814384 | Y8: =IF(ISBLANK(LSP_All[[#This Row],[M8+]]),"",ABS(LSP_All[[#This Row],[M8+]]-(statistics_M8[[#This Row],[median_gap]]/365)))
A9: Philippines | B9: 2 | I9: =IF(ISBLANK(LSP_All[[#This Row],[M4+]]),"",ABS(LSP_All[[#This Row],[M4+]]-(statistics_M4[[#This Row],[mean_gap]]/365))) | J9: =IF(ISBLANK(LSP_All[[#This Row],[M5+]]),"",ABS(LSP_All[[#This Row],[M5+]]-(statistics_M5[[#This Row],[mean_gap]]/365))) | K9: =IF(ISBLANK(LSP_All[[#This Row],[M6+]]),"",ABS(LSP_All[[#This Row],[M6+]]-(statistics_M6[[#This Row],[mean_gap]]/365))) | L9: =IF(ISBLANK(LSP_All[[#This Row],[M7+]]),"",ABS(LSP_All[[#This Row],[M7+]]-(statistics_M7[[#This Row],[mean_gap]]/365))) | M9: =IF(ISBLANK(LSP_All[[#This Row],[M8+]]),"",ABS(LSP_All[[#This Row],[M8+]]-(statistics_M8[[#This Row],[mean_gap]]/365))) | O9: =IF(ISBLANK(LSP_All[[#This Row],[M4+]]),"",ABS(LSP_All[[#This Row],[M4+]]-(statistics_M4[[#This Row],[exact_mode]]/365))) | P9: =IF(ISBLANK(LSP_All[[#This Row],[M5+]]),"",ABS(LSP_All[[#This Row],[M5+]]-(statistics_M5[[#This Row],[exact_mode]]/365))) | Q9: =IF(ISBLANK(LSP_All[[#This Row],[M6+]]),"",ABS(LSP_All[[#This Row],[M6+]]-(statistics_M6[[#This Row],[exact_mode]]/365))) | R9: =IF(ISBLANK(LSP_All[[#This Row],[M7+]]),"",ABS(LSP_All[[#This Row],[M7+]]-(statistics_M7[[#This Row],[exact_mode]]/365))) | S9: =IF(ISBLANK(LSP_All[[#This Row],[M8+]]),"",ABS(LSP_All[[#This Row],[M8+]]-(statistics_M8[[#This Row],[exact_mode]]/365))) | U9: =IF(ISBLANK(LSP_All[[#This Row],[M4+]]),"",ABS(LSP_All[[#This Row],[M4+]]-(statistics_M4[[#This Row],[median_gap]]/365))) | V9: =IF(ISBLANK(LSP_All[[#This Row],[M5+]]),"",ABS(LSP_All[[#This Row],[M5+]]-(statistics_M5[[#This Row],[median_gap]]/365))) | W9: =IF(ISBLANK(LSP_All[[#This Row],[M6+]]),"",ABS(LSP_All[[#This Row],[M6+]]-(statistics_M6[[#This Row],[median_gap]]/365))) | X9: =IF(ISBLANK(LSP_All[[#This Row],[M7+]]),"",ABS(LSP_All[[#This Row],[M7+]]-(statistics_M7[[#This Row],[median_gap]]/365))) | Y9: =IF(ISBLANK(LSP_All[[#This Row],[M8+]]),"",ABS(LSP_All[[#This Row],[M8+]]-(statistics_M8[[#This Row],[median_gap]]/365)))
A10: Tonga | B10: 1 | C10: 1.004 | D10: 1.004 | E10: 1.004 | F10: 3.95 | I10: =IF(ISBLANK(LSP_All[[#This Row],[M4+]]),"",ABS(LSP_All[[#This Row],[M4+]]-('statistics-M4'!$I11/365))) -> 0.048175427 | J10: =IF(ISBLANK(LSP_All[[#This Row],[M5+]]),"",ABS(LSP_All[[#This Row],[M5+]]-('statistics-M5'!$I11/365))) -> 0.048175427 | K10: =IF(ISBLANK(LSP_All[[#This Row],[M6+]]),"",ABS(LSP_All[[#This Row],[M6+]]-('statistics-M6'!$I11/365))) -> 0.009634114 | L10: =IF(ISBLANK(LSP_All[[#This Row],[M7+]]),"",ABS(LSP_All[[#This Row],[M7+]]-('statistics-M7'!$I11/365))) -> 0.21359485 | M10: =IF(ISBLANK(LSP_All[[#This Row],[M8+]]),"",ABS(LSP_All[[#This Row],[M8+]]-('statistics-M8'!$I11/365))) | O10: =IF(ISBLANK(LSP_All[[#This Row],[M4+]]),"",ABS(LSP_All[[#This Row],[M4+]]-('statistics-M4'!$F11/365))) -> 0.39578082 | P10: =IF(ISBLANK(LSP_All[[#This Row],[M5+]]),"",ABS(LSP_All[[#This Row],[M5+]]-('statistics-M5'!$F11/365))) -> 0.39578082 | Q10: =IF(ISBLANK(LSP_All[[#This Row],[M6+]]),"",ABS(LSP_All[[#This Row],[M6+]]-('statistics-M6'!$F11/365))) -> 0.39578082 | R10: =IF(ISBLANK(LSP_All[[#This Row],[M7+]]),"",ABS(LSP_All[[#This Row],[M7+]]-('statistics-M7'!$F11/365))) -> 3.2979452 | S10: =IF(ISBLANK(LSP_All[[#This Row],[M8+]]),"",ABS(LSP_All[[#This Row],[M8+]]-('statistics-M8'!$F11/365))) | U10: =IF(ISBLANK(LSP_All[[#This Row],[M4+]]),"",ABS(LSP_All[[#This Row],[M4+]]-('statistics-M4'!$J11/365))) -> 0.13824658 | V10: =IF(ISBLANK(LSP_All[[#This Row],[M5+]]),"",ABS(LSP_All[[#This Row],[M5+]]-('statistics-M5'!$J11/365))) -> 0.13824658 | W10: =IF(ISBLANK(LSP_All[[#This Row],[M6+]]),"",ABS(LSP_All[[#This Row],[M6+]]-('statistics-M6'!$J11/365))) -> 0.09030137 | X10: =IF(ISBLANK(LSP_All[[#This Row],[M7+]]),"",ABS(LSP_All[[#This Row],[M7+]]-('statistics-M7'!$J11/365))) -> 1.4267123 | Y10: =IF(ISBLANK(LSP_All[[#This Row],[M8+]]),"",ABS(LSP_All[[#This Row],[M8+]]-('statistics-M8'!$J11/365)))
A11: USA | B11: 1 | C11: 1.802 | D11: 1.802 | E11: 1.792 | F11: 4.727 | I11: =IF(ISBLANK(LSP_All[[#This Row],[M4+]]),"",ABS(LSP_All[[#This Row],[M4+]]-('statistics-M4'!$I14/365))) -> 0.90567906 | J11: =IF(ISBLANK(LSP_All[[#This Row],[M5+]]),"",ABS(LSP_All[[#This Row],[M5+]]-('statistics-M5'!$I14/365))) -> 0.90567906 | K11: =IF(ISBLANK(LSP_All[[#This Row],[M6+]]),"",ABS(LSP_All[[#This Row],[M6+]]-('statistics-M6'!$I14/365))) -> 0.8826889 | L11: =IF(ISBLANK(LSP_All[[#This Row],[M7+]]),"",ABS(LSP_All[[#This Row],[M7+]]-('statistics-M7'!$I14/365))) -> 2.0705733 | M11: =IF(ISBLANK(LSP_All[[#This Row],[M8+]]),"",ABS(LSP_All[[#This Row],[M8+]]-('statistics-M8'!$I14/365))) | O11: =IF(ISBLANK(LSP_All[[#This Row],[M4+]]),"",ABS(LSP_All[[#This Row],[M4+]]-('statistics-M4'!$F14/365))) -> 1.3061096 | P11: =IF(ISBLANK(LSP_All[[#This Row],[M5+]]),"",ABS(LSP_All[[#This Row],[M5+]]-('statistics-M5'!$F14/365))) -> 1.3061096 | Q11: =IF(ISBLANK(LSP_All[[#This Row],[M6+]]),"",ABS(LSP_All[[#This Row],[M6+]]-('statistics-M6'!$F14/365))) -> 1.2961096 | R11: =IF(ISBLANK(LSP_All[[#This Row],[M7+]]),"",ABS(LSP_All[[#This Row],[M7+]]-('statistics-M7'!$F14/365))) -> 4.1653562 | S11: =IF(ISBLANK(LSP_All[[#This Row],[M8+]]),"",ABS(LSP_All[[#This Row],[M8+]]-('statistics-M8'!$F14/365))) | U11: =IF(ISBLANK(LSP_All[[#This Row],[M4+]]),"",ABS(LSP_All[[#This Row],[M4+]]-('statistics-M4'!$J14/365))) -> 0.95953425 | V11: =IF(ISBLANK(LSP_All[[#This Row],[M5+]]),"",ABS(LSP_All[[#This Row],[M5+]]-('statistics-M5'!$J14/365))) -> 0.95953425 | W11: =IF(ISBLANK(LSP_All[[#This Row],[M6+]]),"",ABS(LSP_All[[#This Row],[M6+]]-('statistics-M6'!$J14/365))) -> 0.94131507 | X11: =IF(ISBLANK(LSP_All[[#This Row],[M7+]]),"",ABS(LSP_All[[#This Row],[M7+]]-('statistics-M7'!$J14/365))) -> 2.8722055 | Y11: =IF(ISBLANK(LSP_All[[#This Row],[M8+]]),"",ABS(LSP_All[[#This Row],[M8+]]-('statistics-M8'!$J14/365)))
A12: USA | B12: 2 | C12: 1.911 | D12: 1.35 | E12: 2.866 | I12: =IF(ISBLANK(LSP_All[[#This Row],[M4+]]),"",ABS(LSP_All[[#This Row],[M4+]]-('statistics-M4'!$I15/365))) -> 1.0347633 | J12: =IF(ISBLANK(LSP_All[[#This Row],[M5+]]),"",ABS(LSP_All[[#This Row],[M5+]]-('statistics-M5'!$I15/365))) -> 0.33921785 | K12: =IF(ISBLANK(LSP_All[[#This Row],[M6+]]),"",ABS(LSP_All[[#This Row],[M6+]]-('statistics-M6'!$I15/365))) -> 0.76695194 | L12: =IF(ISBLANK(LSP_All[[#This Row],[M7+]]),"",ABS(LSP_All[[#This Row],[M7+]]-('statistics-M7'!$I15/365))) | M12: =IF(ISBLANK(LSP_All[[#This Row],[M8+]]),"",ABS(LSP_All[[#This Row],[M8+]]-('statistics-M8'!$I15/365))) | O12: =IF(ISBLANK(LSP_All[[#This Row],[M4+]]),"",ABS(LSP_All[[#This Row],[M4+]]-('statistics-M4'!$F15/365))) -> 1.4096301 | P12: =IF(ISBLANK(LSP_All[[#This Row],[M5+]]),"",ABS(LSP_All[[#This Row],[M5+]]-('statistics-M5'!$F15/365))) -> 0.84863014 | Q12: =IF(ISBLANK(LSP_All[[#This Row],[M6+]]),"",ABS(LSP_All[[#This Row],[M6+]]-('statistics-M6'!$F15/365))) -> 2.1235342 | R12: =IF(ISBLANK(LSP_All[[#This Row],[M7+]]),"",ABS(LSP_All[[#This Row],[M7+]]-('statistics-M7'!$F15/365))) | S12: =IF(ISBLANK(LSP_All[[#This Row],[M8+]]),"",ABS(LSP_All[[#This Row],[M8+]]-('statistics-M8'!$F15/365))) | U12: =IF(ISBLANK(LSP_All[[#This Row],[M4+]]),"",ABS(LSP_All[[#This Row],[M4+]]-('statistics-M4'!$J15/365))) -> 1.101411 | V12: =IF(ISBLANK(LSP_All[[#This Row],[M5+]]),"",ABS(LSP_All[[#This Row],[M5+]]-('statistics-M5'!$J15/365))) -> 0.50342466 | W12: =IF(ISBLANK(LSP_All[[#This Row],[M6+]]),"",ABS(LSP_All[[#This Row],[M6+]]-('statistics-M6'!$J15/365))) -> 1.1838082 | X12: =IF(ISBLANK(LSP_All[[#This Row],[M7+]]),"",ABS(LSP_All[[#This Row],[M7+]]-('statistics-M7'!$J15/365))) | Y12: =IF(ISBLANK(LSP_All[[#This Row],[M8+]]),"",ABS(LSP_All[[#This Row],[M8+]]-('statistics-M8'!$J15/365)))
A13: USA | B13: 3 | C13: 1.202 | D13: 1.967 | E13: 4.565 | I13: =IF(ISBLANK(LSP_All[[#This Row],[M4+]]),"",ABS(LSP_All[[#This Row],[M4+]]-('statistics-M4'!$I16/365))) -> 0.24411532 | J13: =IF(ISBLANK(LSP_All[[#This Row],[M5+]]),"",ABS(LSP_All[[#This Row],[M5+]]-('statistics-M5'!$I16/365))) -> 0.28484575 | K13: =IF(ISBLANK(LSP_All[[#This Row],[M6+]]),"",ABS(LSP_All[[#This Row],[M6+]]-('statistics-M6'!$I16/365))) -> 0.15543379 | L13: =IF(ISBLANK(LSP_All[[#This Row],[M7+]]),"",ABS(LSP_All[[#This Row],[M7+]]-('statistics-M7'!$I16/365))) | M13: =IF(ISBLANK(LSP_All[[#This Row],[M8+]]),"",ABS(LSP_All[[#This Row],[M8+]]-('statistics-M8'!$I16/365))) | O13: =IF(ISBLANK(LSP_All[[#This Row],[M4+]]),"",ABS(LSP_All[[#This Row],[M4+]]-('statistics-M4'!$F16/365))) -> 0.43213699 | P13: =IF(ISBLANK(LSP_All[[#This Row],[M5+]]),"",ABS(LSP_All[[#This Row],[M5+]]-('statistics-M5'!$F16/365))) -> 1.3259041 | Q13: =IF(ISBLANK(LSP_All[[#This Row],[M6+]]),"",ABS(LSP_All[[#This Row],[M6+]]-('statistics-M6'!$F16/365))) -> 3.9430822 | R13: =IF(ISBLANK(LSP_All[[#This Row],[M7+]]),"",ABS(LSP_All[[#This Row],[M7+]]-('statistics-M7'!$F16/365))) | S13: =IF(ISBLANK(LSP_All[[#This Row],[M8+]]),"",ABS(LSP_All[[#This Row],[M8+]]-('statistics-M8'!$F16/365))) | U13: =IF(ISBLANK(LSP_All[[#This Row],[M4+]]),"",ABS(LSP_All[[#This Row],[M4+]]-('statistics-M4'!$J16/365))) -> 0.36912329 | V13: =IF(ISBLANK(LSP_All[[#This Row],[M5+]]),"",ABS(LSP_All[[#This Row],[M5+]]-('statistics-M5'!$J16/365))) -> 0.54508219 | W13: =IF(ISBLANK(LSP_All[[#This Row],[M6+]]),"",ABS(LSP_All[[#This Row],[M6+]]-('statistics-M6'!$J16/365))) -> 1.7307534 | X13: =IF(ISBLANK(LSP_All[[#This Row],[M7+]]),"",ABS(LSP_All[[#This Row],[M7+]]-('statistics-M7'!$J16/365))) | Y13: =IF(ISBLANK(LSP_All[[#This Row],[M8+]]),"",ABS(LSP_All[[#This Row],[M8+]]-('statistics-M8'!$J16/365)))
A14: Mexico | B14: 1 | C14: 1.479 | D14: 1.479 | E14: 1.472 | F14: 3.882 | I14: =IF(ISBLANK(LSP_All[[#This Row],[M4+]]),"",ABS(LSP_All[[#This Row],[M4+]]-('statistics-M4'!$I17/365))) -> 0.47871733 | J14: =IF(ISBLANK(LSP_All[[#This Row],[M5+]]),"",ABS(LSP_All[[#This Row],[M5+]]-('statistics-M5'!$I17/365))) -> 0.47871733 | K14: =IF(ISBLANK(LSP_All[[#This Row],[M6+]]),"",ABS(LSP_All[[#This Row],[M6+]]-('statistics-M6'!$I17/365))) -> 0.31570994 | L14: =IF(ISBLANK(LSP_All[[#This Row],[M7+]]),"",ABS(LSP_All[[#This Row],[M7+]]-('statistics-M7'!$I17/365))) -> 0.95949511 | M14: =IF(ISBLANK(LSP_All[[#This Row],[M8+]]),"",ABS(LSP_All[[#This Row],[M8+]]-('statistics-M8'!$I17/365))) | O14: =IF(ISBLANK(LSP_All[[#This Row],[M4+]]),"",ABS(LSP_All[[#This Row],[M4+]]-('statistics-M4'!$F17/365))) -> 0.96667123 | P14: =IF(ISBLANK(LSP_All[[#This Row],[M5+]]),"",ABS(LSP_All[[#This Row],[M5+]]-('statistics-M5'!$F17/365))) -> 0.96667123 | Q14: =IF(ISBLANK(LSP_All[[#This Row],[M6+]]),"",ABS(LSP_All[[#This Row],[M6+]]-('statistics-M6'!$F17/365))) -> 0.95967123 | R14: =IF(ISBLANK(LSP_All[[#This Row],[M7+]]),"",ABS(LSP_All[[#This Row],[M7+]]-('statistics-M7'!$F17/365))) -> 1.8025479 | S14: =IF(ISBLANK(LSP_All[[#This Row],[M8+]]),"",ABS(LSP_All[[#This Row],[M8+]]-('statistics-M8'!$F17/365))) | U14: =IF(ISBLANK(LSP_All[[#This Row],[M4+]]),"",ABS(LSP_All[[#This Row],[M4+]]-('statistics-M4'!$J17/365))) -> 0.56256164 | V14: =IF(ISBLANK(LSP_All[[#This Row],[M5+]]),"",ABS(LSP_All[[#This Row],[M5+]]-('statistics-M5'!$J17/365))) -> 0.56256164 | W14: =IF(ISBLANK(LSP_All[[#This Row],[M6+]]),"",ABS(LSP_All[[#This Row],[M6+]]-('statistics-M6'!$J17/365))) -> 0.47747945 | X14: =IF(ISBLANK(LSP_All[[#This Row],[M7+]]),"",ABS(LSP_All[[#This Row],[M7+]]-('statistics-M7'!$J17/365))) -> 1.6491233 | Y14: =IF(ISBLANK(LSP_All[[#This Row],[M8+]]),"",ABS(LSP_All[[#This Row],[M8+]]-('statistics-M8'!$J17/365)))
A15: Mexico | B15: 2 | C15: 2.341 | D15: 1.216 | E15: 2.734 | I15: =IF(ISBLANK(LSP_All[[#This Row],[M4+]]),"",ABS(LSP_All[[#This Row],[M4+]]-('statistics-M4'!$I18/365))) -> 1.3276158 | J15: =IF(ISBLANK(LSP_All[[#This Row],[M5+]]),"",ABS(LSP_All[[#This Row],[M5+]]-('statistics-M5'!$I18/365))) -> 0.092064757 | K15: =IF(ISBLANK(LSP_All[[#This Row],[M6+]]),"",ABS(LSP_All[[#This Row],[M6+]]-('statistics-M6'!$I18/365))) -> 0.91586946 | L15: =IF(ISBLANK(LSP_All[[#This Row],[M7+]]),"",ABS(LSP_All[[#This Row],[M7+]]-('statistics-M7'!$I18/365))) | M15: =IF(ISBLANK(LSP_All[[#This Row],[M8+]]),"",ABS(LSP_All[[#This Row],[M8+]]-('statistics-M8'!$I18/365))) | O15: =IF(ISBLANK(LSP_All[[#This Row],[M4+]]),"",ABS(LSP_All[[#This Row],[M4+]]-('statistics-M4'!$F18/365))) -> 1.6779863 | P15: =IF(ISBLANK(LSP_All[[#This Row],[M5+]]),"",ABS(LSP_All[[#This Row],[M5+]]-('statistics-M5'!$F18/365))) -> 0.68449315 | Q15: =IF(ISBLANK(LSP_All[[#This Row],[M6+]]),"",ABS(LSP_All[[#This Row],[M6+]]-('statistics-M6'!$F18/365))) -> 1.8024932 | R15: =IF(ISBLANK(LSP_All[[#This Row],[M7+]]),"",ABS(LSP_All[[#This Row],[M7+]]-('statistics-M7'!$F18/365))) | S15: =IF(ISBLANK(LSP_All[[#This Row],[M8+]]),"",ABS(LSP_All[[#This Row],[M8+]]-('statistics-M8'!$F18/365))) | U15: =IF(ISBLANK(LSP_All[[#This Row],[M4+]]),"",ABS(LSP_All[[#This Row],[M4+]]-('statistics-M4'!$J18/365))) -> 1.5204521 | V15: =IF(ISBLANK(LSP_All[[#This Row],[M5+]]),"",ABS(LSP_All[[#This Row],[M5+]]-('statistics-M5'!$J18/365))) -> 0.34887671 | W15: =IF(ISBLANK(LSP_All[[#This Row],[M6+]]),"",ABS(LSP_All[[#This Row],[M6+]]-('statistics-M6'!$J18/365))) -> 1.3093425 | X15: =IF(ISBLANK(LSP_All[[#This Row],[M7+]]),"",ABS(LSP_All[[#This Row],[M7+]]-('statistics-M7'!$J18/365))) | Y15: =IF(ISBLANK(LSP_All[[#This Row],[M8+]]),"",ABS(LSP_All[[#This Row],[M8+]]-('statistics-M8'!$J18/365)))
A16: Mexico | B16: 3 | C16: 3.189 | D16: 3.591 | I16: =IF(ISBLANK(LSP_All[[#This Row],[M4+]]),"",ABS(LSP_All[[#This Row],[M4+]]-('statistics-M4'!$I19/365))) -> 1.653726 | J16: =IF(ISBLANK(LSP_All[[#This Row],[M5+]]),"",ABS(LSP_All[[#This Row],[M5+]]-('statistics-M5'!$I19/365))) -> 1.5964795 | K16: =IF(ISBLANK(LSP_All[[#This Row],[M6+]]),"",ABS(LSP_All[[#This Row],[M6+]]-('statistics-M6'!$I19/365))) | L16: =IF(ISBLANK(LSP_All[[#This Row],[M7+]]),"",ABS(LSP_All[[#This Row],[M7+]]-('statistics-M7'!$I19/365))) | M16: =IF(ISBLANK(LSP_All[[#This Row],[M8+]]),"",ABS(LSP_All[[#This Row],[M8+]]-('statistics-M8'!$I19/365))) | O16: =IF(ISBLANK(LSP_All[[#This Row],[M4+]]),"",ABS(LSP_All[[#This Row],[M4+]]-('statistics-M4'!$F19/365))) -> 2.5780411 | P16: =IF(ISBLANK(LSP_All[[#This Row],[M5+]]),"",ABS(LSP_All[[#This Row],[M5+]]-('statistics-M5'!$F19/365))) -> 2.9800411 | Q16: =IF(ISBLANK(LSP_All[[#This Row],[M6+]]),"",ABS(LSP_All[[#This Row],[M6+]]-('statistics-M6'!$F19/365))) | R16: =IF(ISBLANK(LSP_All[[#This Row],[M7+]]),"",ABS(LSP_All[[#This Row],[M7+]]-('statistics-M7'!$F19/365))) | S16: =IF(ISBLANK(LSP_All[[#This Row],[M8+]]),"",ABS(LSP_All[[#This Row],[M8+]]-('statistics-M8'!$F19/365))) | U16: =IF(ISBLANK(LSP_All[[#This Row],[M4+]]),"",ABS(LSP_All[[#This Row],[M4+]]-('statistics-M4'!$J19/365))) -> 2.2259863 | V16: =IF(ISBLANK(LSP_All[[#This Row],[M5+]]),"",ABS(LSP_All[[#This Row],[M5+]]-('statistics-M5'!$J19/365))) -> 2.4485342 | W16: =IF(ISBLANK(LSP_All[[#This Row],[M6+]]),"",ABS(LSP_All[[#This Row],[M6+]]-('statistics-M6'!$J19/365))) | X16: =IF(ISBLANK(LSP_All[[#This Row],[M7+]]),"",ABS(LSP_All[[#This Row],[M7+]]-('statistics-M7'!$J19/365))) | Y16: =IF(ISBLANK(LSP_All[[#This Row],[M8+]]),"",ABS(LSP_All[[#This Row],[M8+]]-('statistics-M8'!$J19/365)))
A17: Canada | B17: 1 | C17: 2.647 | D17: 2.661 | E17: 3.559 | I17: =IF(ISBLANK(LSP_All[[#This Row],[M4+]]),"",ABS(LSP_All[[#This Row],[M4+]]-('statistics-M4'!$I20/365))) -> 1.4688339 | J17: =IF(ISBLANK(LSP_All[[#This Row],[M5+]]),"",ABS(LSP_All[[#This Row],[M5+]]-('statistics-M5'!$I20/365))) -> 1.4089452 | K17: =IF(ISBLANK(LSP_All[[#This Row],[M6+]]),"",ABS(LSP_All[[#This Row],[M6+]]-('statistics-M6'!$I20/365))) -> 1.6600502 | L17: =IF(ISBLANK(LSP_All[[#This Row],[M7+]]),"",ABS(LSP_All[[#This Row],[M7+]]-('statistics-M7'!$I20/365))) | M17: =IF(ISBLANK(LSP_All[[#This Row],[M8+]]),"",ABS(LSP_All[[#This Row],[M8+]]-('statistics-M8'!$I20/365))) | O17: =IF(ISBLANK(LSP_All[[#This Row],[M4+]]),"",ABS(LSP_All[[#This Row],[M4+]]-('statistics-M4'!$F20/365))) -> 1.8086438 | P17: =IF(ISBLANK(LSP_All[[#This Row],[M5+]]),"",ABS(LSP_All[[#This Row],[M5+]]-('statistics-M5'!$F20/365))) -> 1.8226438 | Q17: =IF(ISBLANK(LSP_All[[#This Row],[M6+]]),"",ABS(LSP_All[[#This Row],[M6+]]-('statistics-M6'!$F20/365))) -> 2.9206438 | R17: =IF(ISBLANK(LSP_All[[#This Row],[M7+]]),"",ABS(LSP_All[[#This Row],[M7+]]-('statistics-M7'!$F20/365))) | S17: =IF(ISBLANK(LSP_All[[#This Row],[M8+]]),"",ABS(LSP_All[[#This Row],[M8+]]-('statistics-M8'!$F20/365))) | U17: =IF(ISBLANK(LSP_All[[#This Row],[M4+]]),"",ABS(LSP_All[[#This Row],[M4+]]-('statistics-M4'!$J20/365))) -> 1.7333014 | V17: =IF(ISBLANK(LSP_All[[#This Row],[M5+]]),"",ABS(LSP_All[[#This Row],[M5+]]-('statistics-M5'!$J20/365))) -> 1.6883973 | W17: =IF(ISBLANK(LSP_All[[#This Row],[M6+]]),"",ABS(LSP_All[[#This Row],[M6+]]-('statistics-M6'!$J20/365))) -> 2.1411918 | X17: =IF(ISBLANK(LSP_All[[#This Row],[M7+]]),"",ABS(LSP_All[[#This Row],[M7+]]-('statistics-M7'!$J20/365))) | Y17: =IF(ISBLANK(LSP_All[[#This Row],[M8+]]),"",ABS(LSP_All[[#This Row],[M8+]]-('statistics-M8'!$J20/365)))
A18: Canada | B18: 2 | C18: 2.442 | D18: 7.177 | I18: =IF(ISBLANK(LSP_All[[#This Row],[M4+]]),"",ABS(LSP_All[[#This Row],[M4+]]-('statistics-M4'!$I21/365))) -> 0.61484098 | J18: =IF(ISBLANK(LSP_All[[#This Row],[M5+]]),"",ABS(LSP_All[[#This Row],[M5+]]-('statistics-M5'!$I21/365))) -> 2.6122941 | K18: =IF(ISBLANK(LSP_All[[#This Row],[M6+]]),"",ABS(LSP_All[[#This Row],[M6+]]-('statistics-M6'!$I21/365))) | L18: =IF(ISBLANK(LSP_All[[#This Row],[M7+]]),"",ABS(LSP_All[[#This Row],[M7+]]-('statistics-M7'!$I21/365))) | M18: =IF(ISBLANK(LSP_All[[#This Row],[M8+]]),"",ABS(LSP_All[[#This Row],[M8+]]-('statistics-M8'!$I21/365))) | O18: =IF(ISBLANK(LSP_All[[#This Row],[M4+]]),"",ABS(LSP_All[[#This Row],[M4+]]-('statistics-M4'!$F21/365))) -> 1.502274 | P18: =IF(ISBLANK(LSP_All[[#This Row],[M5+]]),"",ABS(LSP_All[[#This Row],[M5+]]-('statistics-M5'!$F21/365))) -> 6.5222055 | Q18: =IF(ISBLANK(LSP_All[[#This Row],[M6+]]),"",ABS(LSP_All[[#This Row],[M6+]]-('statistics-M6'!$F21/365))) | R18: =IF(ISBLANK(LSP_All[[#This Row],[M7+]]),"",ABS(LSP_All[[#This Row],[M7+]]-('statistics-M7'!$F21/365))) | S18: =IF(ISBLANK(LSP_All[[#This Row],[M8+]]),"",ABS(LSP_All[[#This Row],[M8+]]-('statistics-M8'!$F21/365))) | U18: =IF(ISBLANK(LSP_All[[#This Row],[M4+]]),"",ABS(LSP_All[[#This Row],[M4+]]-('statistics-M4'!$J21/365))) -> 1.342 | V18: =IF(ISBLANK(LSP_All[[#This Row],[M5+]]),"",ABS(LSP_All[[#This Row],[M5+]]-('statistics-M5'!$J21/365))) -> 4.2619315 | W18: =IF(ISBLANK(LSP_All[[#This Row],[M6+]]),"",ABS(LSP_All[[#This Row],[M6+]]-('statistics-M6'!$J21/365))) | X18: =IF(ISBLANK(LSP_All[[#This Row],[M7+]]),"",ABS(LSP_All[[#This Row],[M7+]]-('statistics-M7'!$J21/365))) | Y18: =IF(ISBLANK(LSP_All[[#This Row],[M8+]]),"",ABS(LSP_All[[#This Row],[M8+]]-('statistics-M8'!$J21/365)))
A19: Canada | B19: 3 | C19: 3.904 | I19: =IF(ISBLANK(LSP_All[[#This Row],[M4+]]),"",ABS(LSP_All[[#This Row],[M4+]]-('statistics-M4'!$I22/365))) -> 1.3533151 | J19: =IF(ISBLANK(LSP_All[[#This Row],[M5+]]),"",ABS(LSP_All[[#This Row],[M5+]]-('statistics-M5'!$I22/365))) | K19: =IF(ISBLANK(LSP_All[[#This Row],[M6+]]),"",ABS(LSP_All[[#This Row],[M6+]]-('statistics-M6'!$I22/365))) | L19: =IF(ISBLANK(LSP_All[[#This Row],[M7+]]),"",ABS(LSP_All[[#This Row],[M7+]]-('statistics-M7'!$I22/365))) | M19: =IF(ISBLANK(LSP_All[[#This Row],[M8+]]),"",ABS(LSP_All[[#This Row],[M8+]]-('statistics-M8'!$I22/365))) | O19: =IF(ISBLANK(LSP_All[[#This Row],[M4+]]),"",ABS(LSP_All[[#This Row],[M4+]]-('statistics-M4'!$F22/365))) -> 3.2355068 | P19: =IF(ISBLANK(LSP_All[[#This Row],[M5+]]),"",ABS(LSP_All[[#This Row],[M5+]]-('statistics-M5'!$F22/365))) | Q19: =IF(ISBLANK(LSP_All[[#This Row],[M6+]]),"",ABS(LSP_All[[#This Row],[M6+]]-('statistics-M6'!$F22/365))) | R19: =IF(ISBLANK(LSP_All[[#This Row],[M7+]]),"",ABS(LSP_All[[#This Row],[M7+]]-('statistics-M7'!$F22/365))) | S19: =IF(ISBLANK(LSP_All[[#This Row],[M8+]]),"",ABS(LSP_All[[#This Row],[M8+]]-('statistics-M8'!$F22/365))) | U19: =IF(ISBLANK(LSP_All[[#This Row],[M4+]]),"",ABS(LSP_All[[#This Row],[M4+]]-('statistics-M4'!$J22/365))) -> 2.1971507 | V19: =IF(ISBLANK(LSP_All[[#This Row],[M5+]]),"",ABS(LSP_All[[#This Row],[M5+]]-('statistics-M5'!$J22/365))) | W19: =IF(ISBLANK(LSP_All[[#This Row],[M6+]]),"",ABS(LSP_All[[#This Row],[M6+]]-('statistics-M6'!$J22/365))) | X19: =IF(ISBLANK(LSP_All[[#This Row],[M7+]]),"",ABS(LSP_All[[#This Row],[M7+]]-('statistics-M7'!$J22/365))) | Y19: =IF(ISBLANK(LSP_All[[#This Row],[M8+]]),"",ABS(LSP_All[[#This Row],[M8+]]-('statistics-M8'!$J22/365)))
A20: Guatemala | B20: 1 | C20: 1.344 | D20: 1.344 | E20: 2.73 | I20: =IF(ISBLANK(LSP_All[[#This Row],[M4+]]),"",ABS(LSP_All[[#This Row],[M4+]]-('statistics-M4'!$I23/365))) -> 0.088845717 | J20: =IF(ISBLANK(LSP_All[[#This Row],[M5+]]),"",ABS(LSP_All[[#This Row],[M5+]]-('statistics-M5'!$I23/365))) -> 0.088845717 | K20: =IF(ISBLANK(LSP_All[[#This Row],[M6+]]),"",ABS(LSP_All[[#This Row],[M6+]]-('statistics-M6'!$I23/365))) -> 0.2332709 | L20: =IF(ISBLANK(LSP_All[[#This Row],[M7+]]),"",ABS(LSP_All[[#This Row],[M7+]]-('statistics-M7'!$I23/365))) | M20: =IF(ISBLANK(LSP_All[[#This Row],[M8+]]),"",ABS(LSP_All[[#This Row],[M8+]]-('statistics-M8'!$I23/365))) | O20: =IF(ISBLANK(LSP_All[[#This Row],[M4+]]),"",ABS(LSP_All[[#This Row],[M4+]]-('statistics-M4'!$F23/365))) -> 0.83989041 | P20: =IF(ISBLANK(LSP_All[[#This Row],[M5+]]),"",ABS(LSP_All[[#This Row],[M5+]]-('statistics-M5'!$F23/365))) -> 0.83989041 | Q20: =IF(ISBLANK(LSP_All[[#This Row],[M6+]]),"",ABS(LSP_All[[#This Row],[M6+]]-('statistics-M6'!$F23/365))) -> 1.8560274 | R20: =IF(ISBLANK(LSP_All[[#This Row],[M7+]]),"",ABS(LSP_All[[#This Row],[M7+]]-('statistics-M7'!$F23/365))) | S20: =IF(ISBLANK(LSP_All[[#This Row],[M8+]]),"",ABS(LSP_All[[#This Row],[M8+]]-('statistics-M8'!$F23/365))) | U20: =IF(ISBLANK(LSP_All[[#This Row],[M4+]]),"",ABS(LSP_All[[#This Row],[M4+]]-('statistics-M4'!$J23/365))) -> 0.45358904 | V20: =IF(ISBLANK(LSP_All[[#This Row],[M5+]]),"",ABS(LSP_All[[#This Row],[M5+]]-('statistics-M5'!$J23/365))) -> 0.45358904 | W20: =IF(ISBLANK(LSP_All[[#This Row],[M6+]]),"",ABS(LSP_All[[#This Row],[M6+]]-('statistics-M6'!$J23/365))) -> 1.0724658 | X20: =IF(ISBLANK(LSP_All[[#This Row],[M7+]]),"",ABS(LSP_All[[#This Row],[M7+]]-('statistics-M7'!$J23/365))) | Y20: =IF(ISBLANK(LSP_All[[#This Row],[M8+]]),"",ABS(LSP_All[[#This Row],[M8+]]-('statistics-M8'!$J23/365)))
A21: Guatemala | B21: 2 | C21: 8.363 | I21: =IF(ISBLANK(LSP_All[[#This Row],[M4+]]),"",ABS(LSP_All[[#This Row],[M4+]]-('statistics-M4'!$I24/365))) -> 2.3713634 | J21: =IF(ISBLANK(LSP_All[[#This Row],[M5+]]),"",ABS(LSP_All[[#This Row],[M5+]]-('statistics-M5'!$I24/365))) | K21: =IF(ISBLANK(LSP_All[[#This Row],[M6+]]),"",ABS(LSP_All[[#This Row],[M6+]]-('statistics-M6'!$I24/365))) | L21: =IF(ISBLANK(LSP_All[[#This Row],[M7+]]),"",ABS(LSP_All[[#This Row],[M7+]]-('statistics-M7'!$I24/365))) | M21: =IF(ISBLANK(LSP_All[[#This Row],[M8+]]),"",ABS(LSP_All[[#This Row],[M8+]]-('statistics-M8'!$I24/365))) | O21: =IF(ISBLANK(LSP_All[[#This Row],[M4+]]),"",ABS(LSP_All[[#This Row],[M4+]]-('statistics-M4'!$F24/365))) -> 7.7849178 | P21: =IF(ISBLANK(LSP_All[[#This Row],[M5+]]),"",ABS(LSP_All[[#This Row],[M5+]]-('statistics-M5'!$F24/365))) | Q21: =IF(ISBLANK(LSP_All[[#This Row],[M6+]]),"",ABS(LSP_All[[#This Row],[M6+]]-('statistics-M6'!$F24/365))) | R21: =IF(ISBLANK(LSP_All[[#This Row],[M7+]]),"",ABS(LSP_All[[#This Row],[M7+]]-('statistics-M7'!$F24/365))) | S21: =IF(ISBLANK(LSP_All[[#This Row],[M8+]]),"",ABS(LSP_All[[#This Row],[M8+]]-('statistics-M8'!$F24/365))) | U21: =IF(ISBLANK(LSP_All[[#This Row],[M4+]]),"",ABS(LSP_All[[#This Row],[M4+]]-('statistics-M4'!$J24/365))) -> 6.2095753 | V21: =IF(ISBLANK(LSP_All[[#This Row],[M5+]]),"",ABS(LSP_All[[#This Row],[M5+]]-('statistics-M5'!$J24/365))) | W21: =IF(ISBLANK(LSP_All[[#This Row],[M6+]]),"",ABS(LSP_All[[#This Row],[M6+]]-('statistics-M6'!$J24/365))) | X21: =IF(ISBLANK(LSP_All[[#This Row],[M7+]]),"",ABS(LSP_All[[#This Row],[M7+]]-('statistics-M7'!$J24/365))) | Y21: =IF(ISBLANK(LSP_All[[#This Row],[M8+]]),"",ABS(LSP_All[[#This Row],[M8+]]-('statistics-M8'!$J24/365)))
A22: Russia | B22: 1 | C22: 1.069 | D22: 1.069 | E22: 1.069 | F22: 2.448 | I22: =IF(ISBLANK(LSP_All[[#This Row],[M4+]]),"",ABS(LSP_All[[#This Row],[M4+]]-('statistics-M4'!$I26/365))) -> 0.22812476 | J22: =IF(ISBLANK(LSP_All[[#This Row],[M5+]]),"",ABS(LSP_All[[#This Row],[M5+]]-('statistics-M5'!$I26/365))) -> 0.22812476 | K22: =IF(ISBLANK(LSP_All[[#This Row],[M6+]]),"",ABS(LSP_All[[#This Row],[M6+]]-('statistics-M6'!$I26/365))) -> 0.2049282 | L22: =IF(ISBLANK(LSP_All[[#This Row],[M7+]]),"",ABS(LSP_All[[#This Row],[M7+]]-('statistics-M7'!$I26/365))) -> 0.18618182 | M22: =IF(ISBLANK(LSP_All[[#This Row],[M8+]]),"",ABS(LSP_All[[#This Row],[M8+]]-('statistics-M8'!$I26/365))) | O22: =IF(ISBLANK(LSP_All[[#This Row],[M4+]]),"",ABS(LSP_All[[#This Row],[M4+]]-('statistics-M4'!$F26/365))) -> 0.55667123 | P22: =IF(ISBLANK(LSP_All[[#This Row],[M5+]]),"",ABS(LSP_All[[#This Row],[M5+]]-('statistics-M5'!$F26/365))) -> 0.55667123 | Q22: =IF(ISBLANK(LSP_All[[#This Row],[M6+]]),"",ABS(LSP_All[[#This Row],[M6+]]-('statistics-M6'!$F26/365))) -> 0.55667123 | R22: =IF(ISBLANK(LSP_All[[#This Row],[M7+]]),"",ABS(LSP_All[[#This Row],[M7+]]-('statistics-M7'!$F26/365))) -> 1.2233425 | S22: =IF(ISBLANK(LSP_All[[#This Row],[M8+]]),"",ABS(LSP_All[[#This Row],[M8+]]-('statistics-M8'!$F26/365))) | U22: =IF(ISBLANK(LSP_All[[#This Row],[M4+]]),"",ABS(LSP_All[[#This Row],[M4+]]-('statistics-M4'!$J26/365))) -> 0.31009589 | V22: =IF(ISBLANK(LSP_All[[#This Row],[M5+]]),"",ABS(LSP_All[[#This Row],[M5+]]-('statistics-M5'!$J26/365))) -> 0.31009589 | W22: =IF(ISBLANK(LSP_All[[#This Row],[M6+]]),"",ABS(LSP_All[[#This Row],[M6+]]-('statistics-M6'!$J26/365))) -> 0.28817808 | X22: =IF(ISBLANK(LSP_All[[#This Row],[M7+]]),"",ABS(LSP_All[[#This Row],[M7+]]-('statistics-M7'!$J26/365))) -> 0.76306849 | Y22: =IF(ISBLANK(LSP_All[[#This Row],[M8+]]),"",ABS(LSP_All[[#This Row],[M8+]]-('statistics-M8'!$J26/365)))
A23: Russia | B23: 2 | C23: 1.75 | D23: 2.072 | E23: 22.207 | I23: =IF(ISBLANK(LSP_All[[#This Row],[M4+]]),"",ABS(LSP_All[[#This Row],[M4+]]-('statistics-M4'!$I27/365))) -> 0.091672675 | J23: =IF(ISBLANK(LSP_All[[#This Row],[M5+]]),"",ABS(LSP_All[[#This Row],[M5+]]-('statistics-M5'!$I27/365))) -> 0.13303267 | K23: =IF(ISBLANK(LSP_All[[#This Row],[M6+]]),"",ABS(LSP_All[[#This Row],[M6+]]-('statistics-M6'!$I27/365))) -> 11.822982 | L23: =IF(ISBLANK(LSP_All[[#This Row],[M7+]]),"",ABS(LSP_All[[#This Row],[M7+]]-('statistics-M7'!$I27/365))) | M23: =IF(ISBLANK(LSP_All[[#This Row],[M8+]]),"",ABS(LSP_All[[#This Row],[M8+]]-('statistics-M8'!$I27/365))) | O23: =IF(ISBLANK(LSP_All[[#This Row],[M4+]]),"",ABS(LSP_All[[#This Row],[M4+]]-('statistics-M4'!$F27/365))) -> 1.0513699 | P23: =IF(ISBLANK(LSP_All[[#This Row],[M5+]]),"",ABS(LSP_All[[#This Row],[M5+]]-('statistics-M5'!$F27/365))) -> 1.5596712 | Q23: =IF(ISBLANK(LSP_All[[#This Row],[M6+]]),"",ABS(LSP_All[[#This Row],[M6+]]-('statistics-M6'!$F27/365))) -> 20.483712 | R23: =IF(ISBLANK(LSP_All[[#This Row],[M7+]]),"",ABS(LSP_All[[#This Row],[M7+]]-('statistics-M7'!$F27/365))) | S23: =IF(ISBLANK(LSP_All[[#This Row],[M8+]]),"",ABS(LSP_All[[#This Row],[M8+]]-('statistics-M8'!$F27/365))) | U23: =IF(ISBLANK(LSP_All[[#This Row],[M4+]]),"",ABS(LSP_All[[#This Row],[M4+]]-('statistics-M4'!$J27/365))) -> 1.0472603 | V23: =IF(ISBLANK(LSP_All[[#This Row],[M5+]]),"",ABS(LSP_All[[#This Row],[M5+]]-('statistics-M5'!$J27/365))) -> 1.2692603 | W23: =IF(ISBLANK(LSP_All[[#This Row],[M6+]]),"",ABS(LSP_All[[#This Row],[M6+]]-('statistics-M6'!$J27/365))) -> 16.397411 | X23: =IF(ISBLANK(LSP_All[[#This Row],[M7+]]),"",ABS(LSP_All[[#This Row],[M7+]]-('statistics-M7'!$J27/365))) | Y23: =IF(ISBLANK(LSP_All[[#This Row],[M8+]]),"",ABS(LSP_All[[#This Row],[M8+]]-('statistics-M8'!$J27/365)))
A24: Russia | B24: 3 | C24: 2.135 | D24: 3.517 | I24: =IF(ISBLANK(LSP_All[[#This Row],[M4+]]),"",ABS(LSP_All[[#This Row],[M4+]]-('statistics-M4'!$I28/365))) -> 0.17385021 | J24: =IF(ISBLANK(LSP_All[[#This Row],[M5+]]),"",ABS(LSP_All[[#This Row],[M5+]]-('statistics-M5'!$I28/365))) -> 0.28375305 | K24: =IF(ISBLANK(LSP_All[[#This Row],[M6+]]),"",ABS(LSP_All[[#This Row],[M6+]]-('statistics-M6'!$I28/365))) | L24: =IF(ISBLANK(LSP_All[[#This Row],[M7+]]),"",ABS(LSP_All[[#This Row],[M7+]]-('statistics-M7'!$I28/365))) | M24: =IF(ISBLANK(LSP_All[[#This Row],[M8+]]),"",ABS(LSP_All[[#This Row],[M8+]]-('statistics-M8'!$I28/365))) | O24: =IF(ISBLANK(LSP_All[[#This Row],[M4+]]),"",ABS(LSP_All[[#This Row],[M4+]]-('statistics-M4'!$F28/365))) -> 0.86376712 | P24: =IF(ISBLANK(LSP_All[[#This Row],[M5+]]),"",ABS(LSP_All[[#This Row],[M5+]]-('statistics-M5'!$F28/365))) -> 2.9909726 | Q24: =IF(ISBLANK(LSP_All[[#This Row],[M6+]]),"",ABS(LSP_All[[#This Row],[M6+]]-('statistics-M6'!$F28/365))) | R24: =IF(ISBLANK(LSP_All[[#This Row],[M7+]]),"",ABS(LSP_All[[#This Row],[M7+]]-('statistics-M7'!$F28/365))) | S24: =IF(ISBLANK(LSP_All[[#This Row],[M8+]]),"",ABS(LSP_All[[#This Row],[M8+]]-('statistics-M8'!$F28/365))) | U24: =IF(ISBLANK(LSP_All[[#This Row],[M4+]]),"",ABS(LSP_All[[#This Row],[M4+]]-('statistics-M4'!$J28/365))) -> 1.2034932 | V24: =IF(ISBLANK(LSP_All[[#This Row],[M5+]]),"",ABS(LSP_All[[#This Row],[M5+]]-('statistics-M5'!$J28/365))) -> 2.2457671 | W24: =IF(ISBLANK(LSP_All[[#This Row],[M6+]]),"",ABS(LSP_All[[#This Row],[M6+]]-('statistics-M6'!$J28/365))) | X24: =IF(ISBLANK(LSP_All[[#This Row],[M7+]]),"",ABS(LSP_All[[#This Row],[M7+]]-('statistics-M7'!$J28/365))) | Y24: =IF(ISBLANK(LSP_All[[#This Row],[M8+]]),"",ABS(LSP_All[[#This Row],[M8+]]-('statistics-M8'!$J28/365)))
A25: China | B25: 1 | C25: 2.658 | D25: 2.658 | E25: 3.006 | I25: =IF(ISBLANK(LSP_All[[#This Row],[M4+]]),"",ABS(LSP_All[[#This Row],[M4+]]-('statistics-M4'!$I29/365))) -> 1.4365162 | J25: =IF(ISBLANK(LSP_All[[#This Row],[M5+]]),"",ABS(LSP_All[[#This Row],[M5+]]-('statistics-M5'!$I29/365))) -> 1.4365162 | K25: =IF(ISBLANK(LSP_All[[#This Row],[M6+]]),"",ABS(LSP_All[[#This Row],[M6+]]-('statistics-M6'!$I29/365))) -> 0.18038675 | L25: =IF(ISBLANK(LSP_All[[#This Row],[M7+]]),"",ABS(LSP_All[[#This Row],[M7+]]-('statistics-M7'!$I29/365))) | M25: =IF(ISBLANK(LSP_All[[#This Row],[M8+]]),"",ABS(LSP_All[[#This Row],[M8+]]-('statistics-M8'!$I29/365))) | O25: =IF(ISBLANK(LSP_All[[#This Row],[M4+]]),"",ABS(LSP_All[[#This Row],[M4+]]-('statistics-M4'!$F29/365))) -> 2.1292329 | P25: =IF(ISBLANK(LSP_All[[#This Row],[M5+]]),"",ABS(LSP_All[[#This Row],[M5+]]-('statistics-M5'!$F29/365))) -> 2.1292329 | Q25: =IF(ISBLANK(LSP_All[[#This Row],[M6+]]),"",ABS(LSP_All[[#This Row],[M6+]]-('statistics-M6'!$F29/365))) -> 1.5830411 | R25: =IF(ISBLANK(LSP_All[[#This Row],[M7+]]),"",ABS(LSP_All[[#This Row],[M7+]]-('statistics-M7'!$F29/365))) | S25: =IF(ISBLANK(LSP_All[[#This Row],[M8+]]),"",ABS(LSP_All[[#This Row],[M8+]]-('statistics-M8'!$F29/365))) | U25: =IF(ISBLANK(LSP_All[[#This Row],[M4+]]),"",ABS(LSP_All[[#This Row],[M4+]]-('statistics-M4'!$J29/365))) -> 1.7730685 | V25: =IF(ISBLANK(LSP_All[[#This Row],[M5+]]),"",ABS(LSP_All[[#This Row],[M5+]]-('statistics-M5'!$J29/365))) -> 1.7730685 | W25: =IF(ISBLANK(LSP_All[[#This Row],[M6+]]),"",ABS(LSP_All[[#This Row],[M6+]]-('statistics-M6'!$J29/365))) -> 1.2388767 | X25: =IF(ISBLANK(LSP_All[[#This Row],[M7+]]),"",ABS(LSP_All[[#This Row],[M7+]]-('statistics-M7'!$J29/365))) | Y25: =IF(ISBLANK(LSP_All[[#This Row],[M8+]]),"",ABS(LSP_All[[#This Row],[M8+]]-('statistics-M8'!$J29/365)))
A26: China | B26: 2 | C26: 2.389 | D26: 1.866 | E26: 9.057 | I26: =IF(ISBLANK(LSP_All[[#This Row],[M4+]]),"",ABS(LSP_All[[#This Row],[M4+]]-('statistics-M4'!$I30/365))) -> 0.89577425 | J26: =IF(ISBLANK(LSP_All[[#This Row],[M5+]]),"",ABS(LSP_All[[#This Row],[M5+]]-('statistics-M5'!$I30/365))) -> 0.23905255 | K26: =IF(ISBLANK(LSP_All[[#This Row],[M6+]]),"",ABS(LSP_All[[#This Row],[M6+]]-('statistics-M6'!$I30/365))) -> 1.5446712 | L26: =IF(ISBLANK(LSP_All[[#This Row],[M7+]]),"",ABS(LSP_All[[#This Row],[M7+]]-('statistics-M7'!$I30/365))) | M26: =IF(ISBLANK(LSP_All[[#This Row],[M8+]]),"",ABS(LSP_All[[#This Row],[M8+]]-('statistics-M8'!$I30/365))) | O26: =IF(ISBLANK(LSP_All[[#This Row],[M4+]]),"",ABS(LSP_All[[#This Row],[M4+]]-('statistics-M4'!$F30/365))) -> 1.7561233 | P26: =IF(ISBLANK(LSP_All[[#This Row],[M5+]]),"",ABS(LSP_All[[#This Row],[M5+]]-('statistics-M5'!$F30/365))) -> 1.2331233 | Q26: =IF(ISBLANK(LSP_All[[#This Row],[M6+]]),"",ABS(LSP_All[[#This Row],[M6+]]-('statistics-M6'!$F30/365))) -> 8.3720685 | R26: =IF(ISBLANK(LSP_All[[#This Row],[M7+]]),"",ABS(LSP_All[[#This Row],[M7+]]-('statistics-M7'!$F30/365))) | S26: =IF(ISBLANK(LSP_All[[#This Row],[M8+]]),"",ABS(LSP_All[[#This Row],[M8+]]-('statistics-M8'!$F30/365))) | U26: =IF(ISBLANK(LSP_All[[#This Row],[M4+]]),"",ABS(LSP_All[[#This Row],[M4+]]-('statistics-M4'!$J30/365))) -> 1.4958493 | V26: =IF(ISBLANK(LSP_All[[#This Row],[M5+]]),"",ABS(LSP_All[[#This Row],[M5+]]-('statistics-M5'!$J30/365))) -> 0.90161644 | W26: =IF(ISBLANK(LSP_All[[#This Row],[M6+]]),"",ABS(LSP_All[[#This Row],[M6+]]-('statistics-M6'!$J30/365))) -> 4.5953562 | X26: =IF(ISBLANK(LSP_All[[#This Row],[M7+]]),"",ABS(LSP_All[[#This Row],[M7+]]-('statistics-M7'!$J30/365))) | Y26: =IF(ISBLANK(LSP_All[[#This Row],[M8+]]),"",ABS(LSP_All[[#This Row],[M8+]]-('statistics-M8'!$J30/365)))
A27: China | B27: 3 | C27: 2.341 | D27: 1.832 | E27: 8.902 | I27: =IF(ISBLANK(LSP_All[[#This Row],[M4+]]),"",ABS(LSP_All[[#This Row],[M4+]]-('statistics-M4'!$I31/365))) -> 0.93559665 | J27: =IF(ISBLANK(LSP_All[[#This Row],[M5+]]),"",ABS(LSP_All[[#This Row],[M5+]]-('statistics-M5'!$I31/365))) -> 0.17316326 | K27: =IF(ISBLANK(LSP_All[[#This Row],[M6+]]),"",ABS(LSP_All[[#This Row],[M6+]]-('statistics-M6'!$I31/365))) -> 2.4855616 | L27: =IF(ISBLANK(LSP_All[[#This Row],[M7+]]),"",ABS(LSP_All[[#This Row],[M7+]]-('statistics-M7'!$I31/365))) | M27: =IF(ISBLANK(LSP_All[[#This Row],[M8+]]),"",ABS(LSP_All[[#This Row],[M8+]]-('statistics-M8'!$I31/365))) | O27: =IF(ISBLANK(LSP_All[[#This Row],[M4+]]),"",ABS(LSP_All[[#This Row],[M4+]]-('statistics-M4'!$F31/365))) -> 1.8451096 | P27: =IF(ISBLANK(LSP_All[[#This Row],[M5+]]),"",ABS(LSP_All[[#This Row],[M5+]]-('statistics-M5'!$F31/365))) -> 1.3361096 | Q27: =IF(ISBLANK(LSP_All[[#This Row],[M6+]]),"",ABS(LSP_All[[#This Row],[M6+]]-('statistics-M6'!$F31/365))) -> 8.3595342 | R27: =IF(ISBLANK(LSP_All[[#This Row],[M7+]]),"",ABS(LSP_All[[#This Row],[M7+]]-('statistics-M7'!$F31/365))) | S27: =IF(ISBLANK(LSP_All[[#This Row],[M8+]]),"",ABS(LSP_All[[#This Row],[M8+]]-('statistics-M8'!$F31/365))) | U27: =IF(ISBLANK(LSP_All[[#This Row],[M4+]]),"",ABS(LSP_All[[#This Row],[M4+]]-('statistics-M4'!$J31/365))) -> 1.3752466 | V27: =IF(ISBLANK(LSP_All[[#This Row],[M5+]]),"",ABS(LSP_All[[#This Row],[M5+]]-('statistics-M5'!$J31/365))) -> 0.79090411 | W27: =IF(ISBLANK(LSP_All[[#This Row],[M6+]]),"",ABS(LSP_All[[#This Row],[M6+]]-('statistics-M6'!$J31/365))) -> 3.9540548 | X27: =IF(ISBLANK(LSP_All[[#This Row],[M7+]]),"",ABS(LSP_All[[#This Row],[M7+]]-('statistics-M7'!$J31/365))) | Y27: =IF(ISBLANK(LSP_All[[#This Row],[M8+]]),"",ABS(LSP_All[[#This Row],[M8+]]-('statistics-M8'!$J31/365)))
A28: India | B28: 1 | C28: 1.224 | D28: 1.224 | E28: 3.425 | I28: =IF(ISBLANK(LSP_All[[#This Row],[M4+]]),"",ABS(LSP_All[[#This Row],[M4+]]-('statistics-M4'!$I32/365))) -> 0.035854062 | J28: =IF(ISBLANK(LSP_All[[#This Row],[M5+]]),"",ABS(LSP_All[[#This Row],[M5+]]-('statistics-M5'!$I32/365))) -> 0.035854062 | K28: =IF(ISBLANK(LSP_All[[#This Row],[M6+]]),"",ABS(LSP_All[[#This Row],[M6+]]-('statistics-M6'!$I32/365))) -> 0.75042599 | L28: =IF(ISBLANK(LSP_All[[#This Row],[M7+]]),"",ABS(LSP_All[[#This Row],[M7+]]-('statistics-M7'!$I32/365))) | M28: =IF(ISBLANK(LSP_All[[#This Row],[M8+]]),"",ABS(LSP_All[[#This Row],[M8+]]-('statistics-M8'!$I32/365))) | O28: =IF(ISBLANK(LSP_All[[#This Row],[M4+]]),"",ABS(LSP_All[[#This Row],[M4+]]-('statistics-M4'!$F32/365))) -> 0.69249315 | P28: =IF(ISBLANK(LSP_All[[#This Row],[M5+]]),"",ABS(LSP_All[[#This Row],[M5+]]-('statistics-M5'!$F32/365))) -> 0.69249315 | Q28: =IF(ISBLANK(LSP_All[[#This Row],[M6+]]),"",ABS(LSP_All[[#This Row],[M6+]]-('statistics-M6'!$F32/365))) -> 2.8934932 | R28: =IF(ISBLANK(LSP_All[[#This Row],[M7+]]),"",ABS(LSP_All[[#This Row],[M7+]]-('statistics-M7'!$F32/365))) | S28: =IF(ISBLANK(LSP_All[[#This Row],[M8+]]),"",ABS(LSP_All[[#This Row],[M8+]]-('statistics-M8'!$F32/365))) | U28: =IF(ISBLANK(LSP_All[[#This Row],[M4+]]),"",ABS(LSP_All[[#This Row],[M4+]]-('statistics-M4'!$J32/365))) -> 0.32810959 | V28: =IF(ISBLANK(LSP_All[[#This Row],[M5+]]),"",ABS(LSP_All[[#This Row],[M5+]]-('statistics-M5'!$J32/365))) -> 0.32810959 | W28: =IF(ISBLANK(LSP_All[[#This Row],[M6+]]),"",ABS(LSP_All[[#This Row],[M6+]]-('statistics-M6'!$J32/365))) -> 1.5921233 | X28: =IF(ISBLANK(LSP_All[[#This Row],[M7+]]),"",ABS(LSP_All[[#This Row],[M7+]]-('statistics-M7'!$J32/365))) | Y28: =IF(ISBLANK(LSP_All[[#This Row],[M8+]]),"",ABS(LSP_All[[#This Row],[M8+]]-('statistics-M8'!$J32/365)))
A29: India | B29: 2 | C29: 1.683 | D29: 1.793 | E29: 5.972 | I29: =IF(ISBLANK(LSP_All[[#This Row],[M4+]]),"",ABS(LSP_All[[#This Row],[M4+]]-('statistics-M4'!$I33/365))) -> 0.54129093 | J29: =IF(ISBLANK(LSP_All[[#This Row],[M5+]]),"",ABS(LSP_All[[#This Row],[M5+]]-('statistics-M5'!$I33/365))) -> 0.62515149 | K29: =IF(ISBLANK(LSP_All[[#This Row],[M6+]]),"",ABS(LSP_All[[#This Row],[M6+]]-('statistics-M6'!$I33/365))) -> 2.3864692 | L29: =IF(ISBLANK(LSP_All[[#This Row],[M7+]]),"",ABS(LSP_All[[#This Row],[M7+]]-('statistics-M7'!$I33/365))) | M29: =IF(ISBLANK(LSP_All[[#This Row],[M8+]]),"",ABS(LSP_All[[#This Row],[M8+]]-('statistics-M8'!$I33/365))) | O29: =IF(ISBLANK(LSP_All[[#This Row],[M4+]]),"",ABS(LSP_All[[#This Row],[M4+]]-('statistics-M4'!$F33/365))) -> 1.1651918 | P29: =IF(ISBLANK(LSP_All[[#This Row],[M5+]]),"",ABS(LSP_All[[#This Row],[M5+]]-('statistics-M5'!$F33/365))) -> 1.2751918 | Q29: =IF(ISBLANK(LSP_All[[#This Row],[M6+]]),"",ABS(LSP_All[[#This Row],[M6+]]-('statistics-M6'!$F33/365))) -> 5.432274 | R29: =IF(ISBLANK(LSP_All[[#This Row],[M7+]]),"",ABS(LSP_All[[#This Row],[M7+]]-('statistics-M7'!$F33/365))) | S29: =IF(ISBLANK(LSP_All[[#This Row],[M8+]]),"",ABS(LSP_All[[#This Row],[M8+]]-('statistics-M8'!$F33/365))) | U29: =IF(ISBLANK(LSP_All[[#This Row],[M4+]]),"",ABS(LSP_All[[#This Row],[M4+]]-('statistics-M4'!$J33/365))) -> 0.83094521 | V29: =IF(ISBLANK(LSP_All[[#This Row],[M5+]]),"",ABS(LSP_All[[#This Row],[M5+]]-('statistics-M5'!$J33/365))) -> 0.92039726 | W29: =IF(ISBLANK(LSP_All[[#This Row],[M6+]]),"",ABS(LSP_All[[#This Row],[M6+]]-('statistics-M6'!$J33/365))) -> 3.5089863 | X29: =IF(ISBLANK(LSP_All[[#This Row],[M7+]]),"",ABS(LSP_All[[#This Row],[M7+]]-('statistics-M7'!$J33/365))) | Y29: =IF(ISBLANK(LSP_All[[#This Row],[M8+]]),"",ABS(LSP_All[[#This Row],[M8+]]-('statistics-M8'!$J33/365)))
A30: India | B30: 3 | C30: 1.804 | D30: 1.674 | I30: =IF(ISBLANK(LSP_All[[#This Row],[M4+]]),"",ABS(LSP_All[[#This Row],[M4+]]-('statistics-M4'!$I34/365))) -> 0.34313187 | J30: =IF(ISBLANK(LSP_All[[#This Row],[M5+]]),"",ABS(LSP_All[[#This Row],[M5+]]-('statistics-M5'!$I34/365))) -> 0.09929799 | K30: =IF(ISBLANK(LSP_All[[#This Row],[M6+]]),"",ABS(LSP_All[[#This Row],[M6+]]-('statistics-M6'!$I34/365))) | L30: =IF(ISBLANK(LSP_All[[#This Row],[M7+]]),"",ABS(LSP_All[[#This Row],[M7+]]-('statistics-M7'!$I34/365))) | M30: =IF(ISBLANK(LSP_All[[#This Row],[M8+]]),"",ABS(LSP_All[[#This Row],[M8+]]-('statistics-M8'!$I34/365))) | O30: =IF(ISBLANK(LSP_All[[#This Row],[M4+]]),"",ABS(LSP_All[[#This Row],[M4+]]-('statistics-M4'!$F34/365))) -> 1.2423562 | P30: =IF(ISBLANK(LSP_All[[#This Row],[M5+]]),"",ABS(LSP_All[[#This Row],[M5+]]-('statistics-M5'!$F34/365))) -> 1.1123562 | Q30: =IF(ISBLANK(LSP_All[[#This Row],[M6+]]),"",ABS(LSP_All[[#This Row],[M6+]]-('statistics-M6'!$F34/365))) | R30: =IF(ISBLANK(LSP_All[[#This Row],[M7+]]),"",ABS(LSP_All[[#This Row],[M7+]]-('statistics-M7'!$F34/365))) | S30: =IF(ISBLANK(LSP_All[[#This Row],[M8+]]),"",ABS(LSP_All[[#This Row],[M8+]]-('statistics-M8'!$F34/365))) | U30: =IF(ISBLANK(LSP_All[[#This Row],[M4+]]),"",ABS(LSP_All[[#This Row],[M4+]]-('statistics-M4'!$J34/365))) -> 0.92454795 | V30: =IF(ISBLANK(LSP_All[[#This Row],[M5+]]),"",ABS(LSP_All[[#This Row],[M5+]]-('statistics-M5'!$J34/365))) -> 0.73153425 | W30: =IF(ISBLANK(LSP_All[[#This Row],[M6+]]),"",ABS(LSP_All[[#This Row],[M6+]]-('statistics-M6'!$J34/365))) | X30: =IF(ISBLANK(LSP_All[[#This Row],[M7+]]),"",ABS(LSP_All[[#This Row],[M7+]]-('statistics-M7'!$J34/365))) | Y30: =IF(ISBLANK(LSP_All[[#This Row],[M8+]]),"",ABS(LSP_All[[#This Row],[M8+]]-('statistics-M8'!$J34/365)))
A31: Iran | B31: 1 | C31: 1.585 | D31: 1.585 | E31: 4.196 | I31: =IF(ISBLANK(LSP_All[[#This Row],[M4+]]),"",ABS(LSP_All[[#This Row],[M4+]]-('statistics-M4'!$I35/365))) -> 0.52253905 | J31: =IF(ISBLANK(LSP_All[[#This Row],[M5+]]),"",ABS(LSP_All[[#This Row],[M5+]]-('statistics-M5'!$I35/365))) -> 0.52253905 | K31: =IF(ISBLANK(LSP_All[[#This Row],[M6+]]),"",ABS(LSP_All[[#This Row],[M6+]]-('statistics-M6'!$I35/365))) -> 1.1024888 | L31: =IF(ISBLANK(LSP_All[[#This Row],[M7+]]),"",ABS(LSP_All[[#This Row],[M7+]]-('statistics-M7'!$I35/365))) | M31: =IF(ISBLANK(LSP_All[[#This Row],[M8+]]),"",ABS(LSP_All[[#This Row],[M8+]]-('statistics-M8'!$I35/365))) | O31: =IF(ISBLANK(LSP_All[[#This Row],[M4+]]),"",ABS(LSP_All[[#This Row],[M4+]]-('statistics-M4'!$F35/365))) -> 0.9110274 | P31: =IF(ISBLANK(LSP_All[[#This Row],[M5+]]),"",ABS(LSP_All[[#This Row],[M5+]]-('statistics-M5'!$F35/365))) -> 0.9110274 | Q31: =IF(ISBLANK(LSP_All[[#This Row],[M6+]]),"",ABS(LSP_All[[#This Row],[M6+]]-('statistics-M6'!$F35/365))) -> 3.5220274 | R31: =IF(ISBLANK(LSP_All[[#This Row],[M7+]]),"",ABS(LSP_All[[#This Row],[M7+]]-('statistics-M7'!$F35/365))) | S31: =IF(ISBLANK(LSP_All[[#This Row],[M8+]]),"",ABS(LSP_All[[#This Row],[M8+]]-('statistics-M8'!$F35/365))) | U31: =IF(ISBLANK(LSP_All[[#This Row],[M4+]]),"",ABS(LSP_All[[#This Row],[M4+]]-('statistics-M4'!$J35/365))) -> 0.75486301 | V31: =IF(ISBLANK(LSP_All[[#This Row],[M5+]]),"",ABS(LSP_All[[#This Row],[M5+]]-('statistics-M5'!$J35/365))) -> 0.75486301 | W31: =IF(ISBLANK(LSP_All[[#This Row],[M6+]]),"",ABS(LSP_All[[#This Row],[M6+]]-('statistics-M6'!$J35/365))) -> 1.8521644 | X31: =IF(ISBLANK(LSP_All[[#This Row],[M7+]]),"",ABS(LSP_All[[#This Row],[M7+]]-('statistics-M7'!$J35/365))) | Y31: =IF(ISBLANK(LSP_All[[#This Row],[M8+]]),"",ABS(LSP_All[[#This Row],[M8+]]-('statistics-M8'!$J35/365)))
A32: Iran | B32: 2 | C32: 1.945 | D32: 1.944 | I32: =IF(ISBLANK(LSP_All[[#This Row],[M4+]]),"",ABS(LSP_All[[#This Row],[M4+]]-('statistics-M4'!$I36/365))) -> 0.53771908 | J32: =IF(ISBLANK(LSP_All[[#This Row],[M5+]]),"",ABS(LSP_All[[#This Row],[M5+]]-('statistics-M5'!$I36/365))) -> 0.091148194 | K32: =IF(ISBLANK(LSP_All[[#This Row],[M6+]]),"",ABS(LSP_All[[#This Row],[M6+]]-('statistics-M6'!$I36/365))) | L32: =IF(ISBLANK(LSP_All[[#This Row],[M7+]]),"",ABS(LSP_All[[#This Row],[M7+]]-('statistics-M7'!$I36/365))) | M32: =IF(ISBLANK(LSP_All[[#This Row],[M8+]]),"",ABS(LSP_All[[#This Row],[M8+]]-('statistics-M8'!$I36/365))) | O32: =IF(ISBLANK(LSP_All[[#This Row],[M4+]]),"",ABS(LSP_All[[#This Row],[M4+]]-('statistics-M4'!$F36/365))) -> 1.3230822 | P32: =IF(ISBLANK(LSP_All[[#This Row],[M5+]]),"",ABS(LSP_All[[#This Row],[M5+]]-('statistics-M5'!$F36/365))) -> 0.88920548 | Q32: =IF(ISBLANK(LSP_All[[#This Row],[M6+]]),"",ABS(LSP_All[[#This Row],[M6+]]-('statistics-M6'!$F36/365))) | R32: =IF(ISBLANK(LSP_All[[#This Row],[M7+]]),"",ABS(LSP_All[[#This Row],[M7+]]-('statistics-M7'!$F36/365))) | S32: =IF(ISBLANK(LSP_All[[#This Row],[M8+]]),"",ABS(LSP_All[[#This Row],[M8+]]-('statistics-M8'!$F36/365))) | U32: =IF(ISBLANK(LSP_All[[#This Row],[M4+]]),"",ABS(LSP_All[[#This Row],[M4+]]-('statistics-M4'!$J36/365))) -> 1.0326712 | V32: =IF(ISBLANK(LSP_All[[#This Row],[M5+]]),"",ABS(LSP_All[[#This Row],[M5+]]-('statistics-M5'!$J36/365))) -> 0.7330411 | W32: =IF(ISBLANK(LSP_All[[#This Row],[M6+]]),"",ABS(LSP_All[[#This Row],[M6+]]-('statistics-M6'!$J36/365))) | X32: =IF(ISBLANK(LSP_All[[#This Row],[M7+]]),"",ABS(LSP_All[[#This Row],[M7+]]-('statistics-M7'!$J36/365))) | Y32: =IF(ISBLANK(LSP_All[[#This Row],[M8+]]),"",ABS(LSP_All[[#This Row],[M8+]]-('statistics-M8'!$J36/365)))
A33: Iran | B33: 3 | C33: 2.205 | D33: 3.606 | E33: 10.657 | I33: =IF(ISBLANK(LSP_All[[#This Row],[M4+]]),"",ABS(LSP_All[[#This Row],[M4+]]-('statistics-M4'!$I37/365))) -> 0.32482933 | J33: =IF(ISBLANK(LSP_All[[#This Row],[M5+]]),"",ABS(LSP_All[[#This Row],[M5+]]-('statistics-M5'!$I37/365))) -> 0.75572603 | K33: =IF(ISBLANK(LSP_All[[#This Row],[M6+]]),"",ABS(LSP_All[[#This Row],[M6+]]-('statistics-M6'!$I37/365))) -> 1.1980989 | L33: =IF(ISBLANK(LSP_All[[#This Row],[M7+]]),"",ABS(LSP_All[[#This Row],[M7+]]-('statistics-M7'!$I37/365))) | M33: =IF(ISBLANK(LSP_All[[#This Row],[M8+]]),"",ABS(LSP_All[[#This Row],[M8+]]-('statistics-M8'!$I37/365))) | O33: =IF(ISBLANK(LSP_All[[#This Row],[M4+]]),"",ABS(LSP_All[[#This Row],[M4+]]-('statistics-M4'!$F37/365))) -> 1.6844521 | P33: =IF(ISBLANK(LSP_All[[#This Row],[M5+]]),"",ABS(LSP_All[[#This Row],[M5+]]-('statistics-M5'!$F37/365))) -> 2.5128493 | Q33: =IF(ISBLANK(LSP_All[[#This Row],[M6+]]),"",ABS(LSP_All[[#This Row],[M6+]]-('statistics-M6'!$F37/365))) -> 9.2624795 | R33: =IF(ISBLANK(LSP_All[[#This Row],[M7+]]),"",ABS(LSP_All[[#This Row],[M7+]]-('statistics-M7'!$F37/365))) | S33: =IF(ISBLANK(LSP_All[[#This Row],[M8+]]),"",ABS(LSP_All[[#This Row],[M8+]]-('statistics-M8'!$F37/365))) | U33: =IF(ISBLANK(LSP_All[[#This Row],[M4+]]),"",ABS(LSP_All[[#This Row],[M4+]]-('statistics-M4'!$J37/365))) -> 1.2597945 | V33: =IF(ISBLANK(LSP_All[[#This Row],[M5+]]),"",ABS(LSP_All[[#This Row],[M5+]]-('statistics-M5'!$J37/365))) -> 1.9128493 | W33: =IF(ISBLANK(LSP_All[[#This Row],[M6+]]),"",ABS(LSP_All[[#This Row],[M6+]]-('statistics-M6'!$J37/365))) -> 1.452589 | X33: =IF(ISBLANK(LSP_All[[#This Row],[M7+]]),"",ABS(LSP_All[[#This Row],[M7+]]-('statistics-M7'!$J37/365))) | Y33: =IF(ISBLANK(LSP_All[[#This Row],[M8+]]),"",ABS(LSP_All[[#This Row],[M8+]]-('statistics-M8'!$J37/365)))
A34: Nicaragua | B34: 1 | C34: 1.434 | D34: 1.434 | E34: 5.686 | I34: =IF(ISBLANK(LSP_All[[#This Row],[M4+]]),"",ABS(LSP_All[[#This Row],[M4+]]-('statistics-M4'!$I38/365))) -> 0.21294171 | J34: =IF(ISBLANK(LSP_All[[#This Row],[M5+]]),"",ABS(LSP_All[[#This Row],[M5+]]-('statistics-M5'!$I38/365))) -> 0.20085203 | K34: =IF(ISBLANK(LSP_All[[#This Row],[M6+]]),"",ABS(LSP_All[[#This Row],[M6+]]-('statistics-M6'!$I38/365))) -> 3.3664531 | L34: =IF(ISBLANK(LSP_All[[#This Row],[M7+]]),"",ABS(LSP_All[[#This Row],[M7+]]-('statistics-M7'!$I38/365))) | M34: =IF(ISBLANK(LSP_All[[#This Row],[M8+]]),"",ABS(LSP_All[[#This Row],[M8+]]-('statistics-M8'!$I38/365))) | O34: =IF(ISBLANK(LSP_All[[#This Row],[M4+]]),"",ABS(LSP_All[[#This Row],[M4+]]-('statistics-M4'!$F38/365))) -> 0.87509589 | P34: =IF(ISBLANK(LSP_All[[#This Row],[M5+]]),"",ABS(LSP_All[[#This Row],[M5+]]-('statistics-M5'!$F38/365))) -> 0.85591781 | Q34: =IF(ISBLANK(LSP_All[[#This Row],[M6+]]),"",ABS(LSP_All[[#This Row],[M6+]]-('statistics-M6'!$F38/365))) -> 4.9654521 | R34: =IF(ISBLANK(LSP_All[[#This Row],[M7+]]),"",ABS(LSP_All[[#This Row],[M7+]]-('statistics-M7'!$F38/365))) | S34: =IF(ISBLANK(LSP_All[[#This Row],[M8+]]),"",ABS(LSP_All[[#This Row],[M8+]]-('statistics-M8'!$F38/365))) | U34: =IF(ISBLANK(LSP_All[[#This Row],[M4+]]),"",ABS(LSP_All[[#This Row],[M4+]]-('statistics-M4'!$J38/365))) -> 0.53536986 | V34: =IF(ISBLANK(LSP_All[[#This Row],[M5+]]),"",ABS(LSP_All[[#This Row],[M5+]]-('statistics-M5'!$J38/365))) -> 0.52715068 | W34: =IF(ISBLANK(LSP_All[[#This Row],[M6+]]),"",ABS(LSP_All[[#This Row],[M6+]]-('statistics-M6'!$J38/365))) -> 4.0942192 | X34: =IF(ISBLANK(LSP_All[[#This Row],[M7+]]),"",ABS(LSP_All[[#This Row],[M7+]]-('statistics-M7'!$J38/365))) | Y34: =IF(ISBLANK(LSP_All[[#This Row],[M8+]]),"",ABS(LSP_All[[#This Row],[M8+]]-('statistics-M8'!$J38/365)))
A35: El Salvador | B35: 1 | C35: 2.255 | D35: 2.255 | E35: 7.09 | I35: =IF(ISBLANK(LSP_All[[#This Row],[M4+]]),"",ABS(LSP_All[[#This Row],[M4+]]-('statistics-M4'!$I41/365))) -> 0.86166667 | J35: =IF(ISBLANK(LSP_All[[#This Row],[M5+]]),"",ABS(LSP_All[[#This Row],[M5+]]-('statistics-M5'!$I41/365))) -> 0.84601124 | K35: =IF(ISBLANK(LSP_All[[#This Row],[M6+]]),"",ABS(LSP_All[[#This Row],[M6+]]-('statistics-M6'!$I41/365))) -> 3.4173167 | L35: =IF(ISBLANK(LSP_All[[#This Row],[M7+]]),"",ABS(LSP_All[[#This Row],[M7+]]-('statistics-M7'!$I41/365))) | M35: =IF(ISBLANK(LSP_All[[#This Row],[M8+]]),"",ABS(LSP_All[[#This Row],[M8+]]-('statistics-M8'!$I41/365))) | O35: =IF(ISBLANK(LSP_All[[#This Row],[M4+]]),"",ABS(LSP_All[[#This Row],[M4+]]-('statistics-M4'!$F41/365))) -> 1.6988356 | P35: =IF(ISBLANK(LSP_All[[#This Row],[M5+]]),"",ABS(LSP_All[[#This Row],[M5+]]-('statistics-M5'!$F41/365))) -> 1.6988356 | Q35: =IF(ISBLANK(LSP_All[[#This Row],[M6+]]),"",ABS(LSP_All[[#This Row],[M6+]]-('statistics-M6'!$F41/365))) -> 6.5036986 | R35: =IF(ISBLANK(LSP_All[[#This Row],[M7+]]),"",ABS(LSP_All[[#This Row],[M7+]]-('statistics-M7'!$F41/365))) | S35: =IF(ISBLANK(LSP_All[[#This Row],[M8+]]),"",ABS(LSP_All[[#This Row],[M8+]]-('statistics-M8'!$F41/365))) | U35: =IF(ISBLANK(LSP_All[[#This Row],[M4+]]),"",ABS(LSP_All[[#This Row],[M4+]]-('statistics-M4'!$J41/365))) -> 1.3591096 | V35: =IF(ISBLANK(LSP_All[[#This Row],[M5+]]),"",ABS(LSP_All[[#This Row],[M5+]]-('statistics-M5'!$J41/365))) -> 1.3317123 | W35: =IF(ISBLANK(LSP_All[[#This Row],[M6+]]),"",ABS(LSP_All[[#This Row],[M6+]]-('statistics-M6'!$J41/365))) -> 3.9886301 | X35: =IF(ISBLANK(LSP_All[[#This Row],[M7+]]),"",ABS(LSP_All[[#This Row],[M7+]]-('statistics-M7'!$J41/365))) | Y35: =IF(ISBLANK(LSP_All[[#This Row],[M8+]]),"",ABS(LSP_All[[#This Row],[M8+]]-('statistics-M8'!$J41/365)))
A36: Costa Rica | B36: 1 | C36: 2.09 | D36: 2.09 | E36: 6.094 | F36: 11.682 | I36: =IF(ISBLANK(LSP_All[[#This Row],[M4+]]),"",ABS(LSP_All[[#This Row],[M4+]]-('statistics-M4'!$I42/365))) -> 0.79699054 | J36: =IF(ISBLANK(LSP_All[[#This Row],[M5+]]),"",ABS(LSP_All[[#This Row],[M5+]]-('statistics-M5'!$I42/365))) -> 0.79699054 | K36: =IF(ISBLANK(LSP_All[[#This Row],[M6+]]),"",ABS(LSP_All[[#This Row],[M6+]]-('statistics-M6'!$I42/365))) -> 3.2668518 | L36: =IF(ISBLANK(LSP_All[[#This Row],[M7+]]),"",ABS(LSP_All[[#This Row],[M7+]]-('statistics-M7'!$I42/365))) -> 0.45350685 | M36: =IF(ISBLANK(LSP_All[[#This Row],[M8+]]),"",ABS(LSP_All[[#This Row],[M8+]]-('statistics-M8'!$I42/365))) | O36: =IF(ISBLANK(LSP_All[[#This Row],[M4+]]),"",ABS(LSP_All[[#This Row],[M4+]]-('statistics-M4'!$F42/365))) -> 1.5886301 | P36: =IF(ISBLANK(LSP_All[[#This Row],[M5+]]),"",ABS(LSP_All[[#This Row],[M5+]]-('statistics-M5'!$F42/365))) -> 1.5886301 | Q36: =IF(ISBLANK(LSP_All[[#This Row],[M6+]]),"",ABS(LSP_All[[#This Row],[M6+]]-('statistics-M6'!$F42/365))) -> 5.2172877 | R36: =IF(ISBLANK(LSP_All[[#This Row],[M7+]]),"",ABS(LSP_All[[#This Row],[M7+]]-('statistics-M7'!$F42/365))) -> 10.605288 | S36: =IF(ISBLANK(LSP_All[[#This Row],[M8+]]),"",ABS(LSP_All[[#This Row],[M8+]]-('statistics-M8'!$F42/365))) | U36: =IF(ISBLANK(LSP_All[[#This Row],[M4+]]),"",ABS(LSP_All[[#This Row],[M4+]]-('statistics-M4'!$J42/365))) -> 1.1420548 | V36: =IF(ISBLANK(LSP_All[[#This Row],[M5+]]),"",ABS(LSP_All[[#This Row],[M5+]]-('statistics-M5'!$J42/365))) -> 1.1420548 | W36: =IF(ISBLANK(LSP_All[[#This Row],[M6+]]),"",ABS(LSP_All[[#This Row],[M6+]]-('statistics-M6'!$J42/365))) -> 3.8912603 | X36: =IF(ISBLANK(LSP_All[[#This Row],[M7+]]),"",ABS(LSP_All[[#This Row],[M7+]]-('statistics-M7'!$J42/365))) -> 3.772411 | Y36: =IF(ISBLANK(LSP_All[[#This Row],[M8+]]),"",ABS(LSP_All[[#This Row],[M8+]]-('statistics-M8'!$J42/365)))
A37: Dominican | B37: 1 | C37: 3.156 | D37: 2.263 | E37: 4.867 | I37: =IF(ISBLANK(LSP_All[[#This Row],[M4+]]),"",ABS(LSP_All[[#This Row],[M4+]]-('statistics-M4'!$I44/365))) -> 1.8179048 | J37: =IF(ISBLANK(LSP_All[[#This Row],[M5+]]),"",ABS(LSP_All[[#This Row],[M5+]]-('statistics-M5'!$I44/365))) -> 0.71585388 | K37: =IF(ISBLANK(LSP_All[[#This Row],[M6+]]),"",ABS(LSP_All[[#This Row],[M6+]]-('statistics-M6'!$I44/365))) -> 0.59915917 | L37: =IF(ISBLANK(LSP_All[[#This Row],[M7+]]),"",ABS(LSP_All[[#This Row],[M7+]]-('statistics-M7'!$I44/365))) | M37: =IF(ISBLANK(LSP_All[[#This Row],[M8+]]),"",ABS(LSP_All[[#This Row],[M8+]]-('statistics-M8'!$I44/365))) | O37: =IF(ISBLANK(LSP_All[[#This Row],[M4+]]),"",ABS(LSP_All[[#This Row],[M4+]]-('statistics-M4'!$F44/365))) -> 2.3724384 | P37: =IF(ISBLANK(LSP_All[[#This Row],[M5+]]),"",ABS(LSP_All[[#This Row],[M5+]]-('statistics-M5'!$F44/365))) -> 1.4794384 | Q37: =IF(ISBLANK(LSP_All[[#This Row],[M6+]]),"",ABS(LSP_All[[#This Row],[M6+]]-('statistics-M6'!$F44/365))) -> 4.2642603 | R37: =IF(ISBLANK(LSP_All[[#This Row],[M7+]]),"",ABS(LSP_All[[#This Row],[M7+]]-('statistics-M7'!$F44/365))) | S37: =IF(ISBLANK(LSP_All[[#This Row],[M8+]]),"",ABS(LSP_All[[#This Row],[M8+]]-('statistics-M8'!$F44/365))) | U37: =IF(ISBLANK(LSP_All[[#This Row],[M4+]]),"",ABS(LSP_All[[#This Row],[M4+]]-('statistics-M4'!$J44/365))) -> 2.325863 | V37: =IF(ISBLANK(LSP_All[[#This Row],[M5+]]),"",ABS(LSP_All[[#This Row],[M5+]]-('statistics-M5'!$J44/365))) -> 1.3712192 | W37: =IF(ISBLANK(LSP_All[[#This Row],[M6+]]),"",ABS(LSP_All[[#This Row],[M6+]]-('statistics-M6'!$J44/365))) -> 2.0889178 | X37: =IF(ISBLANK(LSP_All[[#This Row],[M7+]]),"",ABS(LSP_All[[#This Row],[M7+]]-('statistics-M7'!$J44/365))) | Y37: =IF(ISBLANK(LSP_All[[#This Row],[M8+]]),"",ABS(LSP_All[[#This Row],[M8+]]-('statistics-M8'!$J44/365)))
A38: Dominican | B38: 2 | C38: 3.96 | I38: =IF(ISBLANK(LSP_All[[#This Row],[M4+]]),"",ABS(LSP_All[[#This Row],[M4+]]-('statistics-M4'!$I45/365))) -> 0.0043835616 | J38: =IF(ISBLANK(LSP_All[[#This Row],[M5+]]),"",ABS(LSP_All[[#This Row],[M5+]]-('statistics-M5'!$I45/365))) | K38: =IF(ISBLANK(LSP_All[[#This Row],[M6+]]),"",ABS(LSP_All[[#This Row],[M6+]]-('statistics-M6'!$I45/365))) | L38: =IF(ISBLANK(LSP_All[[#This Row],[M7+]]),"",ABS(LSP_All[[#This Row],[M7+]]-('statistics-M7'!$I45/365))) | M38: =IF(ISBLANK(LSP_All[[#This Row],[M8+]]),"",ABS(LSP_All[[#This Row],[M8+]]-('statistics-M8'!$I45/365))) | O38: =IF(ISBLANK(LSP_All[[#This Row],[M4+]]),"",ABS(LSP_All[[#This Row],[M4+]]-('statistics-M4'!$F45/365))) -> 3.3052055 | P38: =IF(ISBLANK(LSP_All[[#This Row],[M5+]]),"",ABS(LSP_All[[#This Row],[M5+]]-('statistics-M5'!$F45/365))) | Q38: =IF(ISBLANK(LSP_All[[#This Row],[M6+]]),"",ABS(LSP_All[[#This Row],[M6+]]-('statistics-M6'!$F45/365))) | R38: =IF(ISBLANK(LSP_All[[#This Row],[M7+]]),"",ABS(LSP_All[[#This Row],[M7+]]-('statistics-M7'!$F45/365))) | S38: =IF(ISBLANK(LSP_All[[#This Row],[M8+]]),"",ABS(LSP_All[[#This Row],[M8+]]-('statistics-M8'!$F45/365))) | U38: =IF(ISBLANK(LSP_All[[#This Row],[M4+]]),"",ABS(LSP_All[[#This Row],[M4+]]-('statistics-M4'!$J45/365))) -> 2.4613699 | V38: =IF(ISBLANK(LSP_All[[#This Row],[M5+]]),"",ABS(LSP_All[[#This Row],[M5+]]-('statistics-M5'!$J45/365))) | W38: =IF(ISBLANK(LSP_All[[#This Row],[M6+]]),"",ABS(LSP_All[[#This Row],[M6+]]-('statistics-M6'!$J45/365))) | X38: =IF(ISBLANK(LSP_All[[#This Row],[M7+]]),"",ABS(LSP_All[[#This Row],[M7+]]-('statistics-M7'!$J45/365))) | Y38: =IF(ISBLANK(LSP_All[[#This Row],[M8+]]),"",ABS(LSP_All[[#This Row],[M8+]]-('statistics-M8'!$J45/365)))
A39: Chile | B39: 1 | C39: 1.015 | D39: 1.015 | E39: 1.012 | F39: 3.582 | G39: 18.159 | I39: =IF(ISBLANK(LSP_All[[#This Row],[M4+]]),"",ABS(LSP_All[[#This Row],[M4+]]-('statistics-M4'!$I46/365))) -> 0.067203462 | J39: =IF(ISBLANK(LSP_All[[#This Row],[M5+]]),"",ABS(LSP_All[[#This Row],[M5+]]-('statistics-M5'!$I46/365))) -> 0.067203462 | K39: =IF(ISBLANK(LSP_All[[#This Row],[M6+]]),"",ABS(LSP_All[[#This Row],[M6+]]-('statistics-M6'!$I46/365))) -> 0.0098216932 | L39: =IF(ISBLANK(LSP_All[[#This Row],[M7+]]),"",ABS(LSP_All[[#This Row],[M7+]]-('statistics-M7'!$I46/365))) -> 0.78161771 | M39: =IF(ISBLANK(LSP_All[[#This Row],[M8+]]),"",ABS(LSP_All[[#This Row],[M8+]]-('statistics-M8'!$I46/365))) -> 7.2433836 | O39: =IF(ISBLANK(LSP_All[[#This Row],[M4+]]),"",ABS(LSP_All[[#This Row],[M4+]]-('statistics-M4'!$F46/365))) -> 0.16842466 | P39: =IF(ISBLANK(LSP_All[[#This Row],[M5+]]),"",ABS(LSP_All[[#This Row],[M5+]]-('statistics-M5'!$F46/365))) -> 0.16842466 | Q39: =IF(ISBLANK(LSP_All[[#This Row],[M6+]]),"",ABS(LSP_All[[#This Row],[M6+]]-('statistics-M6'!$F46/365))) -> 0.16542466 | R39: =IF(ISBLANK(LSP_All[[#This Row],[M7+]]),"",ABS(LSP_All[[#This Row],[M7+]]-('statistics-M7'!$F46/365))) -> 1.5628219 | S39: =IF(ISBLANK(LSP_All[[#This Row],[M8+]]),"",ABS(LSP_All[[#This Row],[M8+]]-('statistics-M8'!$F46/365))) -> 16.698726 | U39: =IF(ISBLANK(LSP_All[[#This Row],[M4+]]),"",ABS(LSP_All[[#This Row],[M4+]]-('statistics-M4'!$J46/365))) -> 0.16842466 | V39: =IF(ISBLANK(LSP_All[[#This Row],[M5+]]),"",ABS(LSP_All[[#This Row],[M5+]]-('statistics-M5'!$J46/365))) -> 0.16842466 | W39: =IF(ISBLANK(LSP_All[[#This Row],[M6+]]),"",ABS(LSP_All[[#This Row],[M6+]]-('statistics-M6'!$J46/365))) -> 0.12843836 | X39: =IF(ISBLANK(LSP_All[[#This Row],[M7+]]),"",ABS(LSP_All[[#This Row],[M7+]]-('statistics-M7'!$J46/365))) -> 1.5628219 | Y39: =IF(ISBLANK(LSP_All[[#This Row],[M8+]]),"",ABS(LSP_All[[#This Row],[M8+]]-('statistics-M8'!$J46/365))) -> 8.2233836
A40: Chile | B40: 2 | C40: 1.661 | D40: 1.661 | E40: 4.14 | I40: =IF(ISBLANK(LSP_All[[#This Row],[M4+]]),"",ABS(LSP_All[[#This Row],[M4+]]-('statistics-M4'!$I47/365))) -> 0.49966829 | J40: =IF(ISBLANK(LSP_All[[#This Row],[M5+]]),"",ABS(LSP_All[[#This Row],[M5+]]-('statistics-M5'!$I47/365))) -> 0.49966829 | K40: =IF(ISBLANK(LSP_All[[#This Row],[M6+]]),"",ABS(LSP_All[[#This Row],[M6+]]-('statistics-M6'!$I47/365))) -> 1.7213402 | L40: =IF(ISBLANK(LSP_All[[#This Row],[M7+]]),"",ABS(LSP_All[[#This Row],[M7+]]-('statistics-M7'!$I47/365))) | M40: =IF(ISBLANK(LSP_All[[#This Row],[M8+]]),"",ABS(LSP_All[[#This Row],[M8+]]-('statistics-M8'!$I47/365))) | O40: =IF(ISBLANK(LSP_All[[#This Row],[M4+]]),"",ABS(LSP_All[[#This Row],[M4+]]-('statistics-M4'!$F47/365))) -> 1.1267534 | P40: =IF(ISBLANK(LSP_All[[#This Row],[M5+]]),"",ABS(LSP_All[[#This Row],[M5+]]-('statistics-M5'!$F47/365))) -> 1.1267534 | Q40: =IF(ISBLANK(LSP_All[[#This Row],[M6+]]),"",ABS(LSP_All[[#This Row],[M6+]]-('statistics-M6'!$F47/365))) -> 3.6167123 | R40: =IF(ISBLANK(LSP_All[[#This Row],[M7+]]),"",ABS(LSP_All[[#This Row],[M7+]]-('statistics-M7'!$F47/365))) | S40: =IF(ISBLANK(LSP_All[[#This Row],[M8+]]),"",ABS(LSP_All[[#This Row],[M8+]]-('statistics-M8'!$F47/365))) | U40: =IF(ISBLANK(LSP_All[[#This Row],[M4+]]),"",ABS(LSP_All[[#This Row],[M4+]]-('statistics-M4'!$J47/365))) -> 0.83634247 | V40: =IF(ISBLANK(LSP_All[[#This Row],[M5+]]),"",ABS(LSP_All[[#This Row],[M5+]]-('statistics-M5'!$J47/365))) -> 0.83634247 | W40: =IF(ISBLANK(LSP_All[[#This Row],[M6+]]),"",ABS(LSP_All[[#This Row],[M6+]]-('statistics-M6'!$J47/365))) -> 2.2906849 | X40: =IF(ISBLANK(LSP_All[[#This Row],[M7+]]),"",ABS(LSP_All[[#This Row],[M7+]]-('statistics-M7'!$J47/365))) | Y40: =IF(ISBLANK(LSP_All[[#This Row],[M8+]]),"",ABS(LSP_All[[#This Row],[M8+]]-('statistics-M8'!$J47/365)))
A41: Chile | B41: 3 | C41: 3.194 | D41: 3.194 | I41: =IF(ISBLANK(LSP_All[[#This Row],[M4+]]),"",ABS(LSP_All[[#This Row],[M4+]]-('statistics-M4'!$I48/365))) -> 1.7057563 | J41: =IF(ISBLANK(LSP_All[[#This Row],[M5+]]),"",ABS(LSP_All[[#This Row],[M5+]]-('statistics-M5'!$I48/365))) -> 1.7057563 | K41: =IF(ISBLANK(LSP_All[[#This Row],[M6+]]),"",ABS(LSP_All[[#This Row],[M6+]]-('statistics-M6'!$I48/365))) | L41: =IF(ISBLANK(LSP_All[[#This Row],[M7+]]),"",ABS(LSP_All[[#This Row],[M7+]]-('statistics-M7'!$I48/365))) | M41: =IF(ISBLANK(LSP_All[[#This Row],[M8+]]),"",ABS(LSP_All[[#This Row],[M8+]]-('statistics-M8'!$I48/365))) | O41: =IF(ISBLANK(LSP_All[[#This Row],[M4+]]),"",ABS(LSP_All[[#This Row],[M4+]]-('statistics-M4'!$F48/365))) -> 2.5309863 | P41: =IF(ISBLANK(LSP_All[[#This Row],[M5+]]),"",ABS(LSP_All[[#This Row],[M5+]]-('statistics-M5'!$F48/365))) -> 2.5309863 | Q41: =IF(ISBLANK(LSP_All[[#This Row],[M6+]]),"",ABS(LSP_All[[#This Row],[M6+]]-('statistics-M6'!$F48/365))) | R41: =IF(ISBLANK(LSP_All[[#This Row],[M7+]]),"",ABS(LSP_All[[#This Row],[M7+]]-('statistics-M7'!$F48/365))) | S41: =IF(ISBLANK(LSP_All[[#This Row],[M8+]]),"",ABS(LSP_All[[#This Row],[M8+]]-('statistics-M8'!$F48/365))) | U41: =IF(ISBLANK(LSP_All[[#This Row],[M4+]]),"",ABS(LSP_All[[#This Row],[M4+]]-('statistics-M4'!$J48/365))) -> 2.394 | V41: =IF(ISBLANK(LSP_All[[#This Row],[M5+]]),"",ABS(LSP_All[[#This Row],[M5+]]-('statistics-M5'!$J48/365))) -> 2.394 | W41: =IF(ISBLANK(LSP_All[[#This Row],[M6+]]),"",ABS(LSP_All[[#This Row],[M6+]]-('statistics-M6'!$J48/365))) | X41: =IF(ISBLANK(LSP_All[[#This Row],[M7+]]),"",ABS(LSP_All[[#This Row],[M7+]]-('statistics-M7'!$J48/365))) | Y41: =IF(ISBLANK(LSP_All[[#This Row],[M8+]]),"",ABS(LSP_All[[#This Row],[M8+]]-('statistics-M8'!$J48/365)))
A42: Argentina | B42: 1 | C42: 1.801 | D42: 1.801 | E42: 9.638 | I42: =IF(ISBLANK(LSP_All[[#This Row],[M4+]]),"",ABS(LSP_All[[#This Row],[M4+]]-('statistics-M4'!$I49/365))) -> 0.42555079 | J42: =IF(ISBLANK(LSP_All[[#This Row],[M5+]]),"",ABS(LSP_All[[#This Row],[M5+]]-('statistics-M5'!$I49/365))) -> 0.42555079 | K42: =IF(ISBLANK(LSP_All[[#This Row],[M6+]]),"",ABS(LSP_All[[#This Row],[M6+]]-('statistics-M6'!$I49/365))) -> 4.9013873 | L42: =IF(ISBLANK(LSP_All[[#This Row],[M7+]]),"",ABS(LSP_All[[#This Row],[M7+]]-('statistics-M7'!$I49/365))) | M42: =IF(ISBLANK(LSP_All[[#This Row],[M8+]]),"",ABS(LSP_All[[#This Row],[M8+]]-('statistics-M8'!$I49/365))) | O42: =IF(ISBLANK(LSP_All[[#This Row],[M4+]]),"",ABS(LSP_All[[#This Row],[M4+]]-('statistics-M4'!$F49/365))) -> 1.0119589 | P42: =IF(ISBLANK(LSP_All[[#This Row],[M5+]]),"",ABS(LSP_All[[#This Row],[M5+]]-('statistics-M5'!$F49/365))) -> 1.0119589 | Q42: =IF(ISBLANK(LSP_All[[#This Row],[M6+]]),"",ABS(LSP_All[[#This Row],[M6+]]-('statistics-M6'!$F49/365))) -> 7.1010137 | R42: =IF(ISBLANK(LSP_All[[#This Row],[M7+]]),"",ABS(LSP_All[[#This Row],[M7+]]-('statistics-M7'!$F49/365))) | S42: =IF(ISBLANK(LSP_All[[#This Row],[M8+]]),"",ABS(LSP_All[[#This Row],[M8+]]-('statistics-M8'!$F49/365))) | U42: =IF(ISBLANK(LSP_All[[#This Row],[M4+]]),"",ABS(LSP_All[[#This Row],[M4+]]-('statistics-M4'!$J49/365))) -> 0.94620548 | V42: =IF(ISBLANK(LSP_All[[#This Row],[M5+]]),"",ABS(LSP_All[[#This Row],[M5+]]-('statistics-M5'!$J49/365))) -> 0.94620548 | W42: =IF(ISBLANK(LSP_All[[#This Row],[M6+]]),"",ABS(LSP_All[[#This Row],[M6+]]-('statistics-M6'!$J49/365))) -> 6.4790959 | X42: =IF(ISBLANK(LSP_All[[#This Row],[M7+]]),"",ABS(LSP_All[[#This Row],[M7+]]-('statistics-M7'!$J49/365))) | Y42: =IF(ISBLANK(LSP_All[[#This Row],[M8+]]),"",ABS(LSP_All[[#This Row],[M8+]]-('statistics-M8'!$J49/365)))
A43: Argentina | B43: 2 | C43: 2.857 | D43: 2.857 | E43: 3.654 | I43: =IF(ISBLANK(LSP_All[[#This Row],[M4+]]),"",ABS(LSP_All[[#This Row],[M4+]]-('statistics-M4'!$I50/365))) -> 1.4154673 | J43: =IF(ISBLANK(LSP_All[[#This Row],[M5+]]),"",ABS(LSP_All[[#This Row],[M5+]]-('statistics-M5'!$I50/365))) -> 1.4154673 | K43: =IF(ISBLANK(LSP_All[[#This Row],[M6+]]),"",ABS(LSP_All[[#This Row],[M6+]]-('statistics-M6'!$I50/365))) -> 1.5472603 | L43: =IF(ISBLANK(LSP_All[[#This Row],[M7+]]),"",ABS(LSP_All[[#This Row],[M7+]]-('statistics-M7'!$I50/365))) | M43: =IF(ISBLANK(LSP_All[[#This Row],[M8+]]),"",ABS(LSP_All[[#This Row],[M8+]]-('statistics-M8'!$I50/365))) | O43: =IF(ISBLANK(LSP_All[[#This Row],[M4+]]),"",ABS(LSP_All[[#This Row],[M4+]]-('statistics-M4'!$F50/365))) -> 2.3145342 | P43: =IF(ISBLANK(LSP_All[[#This Row],[M5+]]),"",ABS(LSP_All[[#This Row],[M5+]]-('statistics-M5'!$F50/365))) -> 2.3145342 | Q43: =IF(ISBLANK(LSP_All[[#This Row],[M6+]]),"",ABS(LSP_All[[#This Row],[M6+]]-('statistics-M6'!$F50/365))) -> 3.1115342 | R43: =IF(ISBLANK(LSP_All[[#This Row],[M7+]]),"",ABS(LSP_All[[#This Row],[M7+]]-('statistics-M7'!$F50/365))) | S43: =IF(ISBLANK(LSP_All[[#This Row],[M8+]]),"",ABS(LSP_All[[#This Row],[M8+]]-('statistics-M8'!$F50/365))) | U43: =IF(ISBLANK(LSP_All[[#This Row],[M4+]]),"",ABS(LSP_All[[#This Row],[M4+]]-('statistics-M4'!$J50/365))) -> 2.0323425 | V43: =IF(ISBLANK(LSP_All[[#This Row],[M5+]]),"",ABS(LSP_All[[#This Row],[M5+]]-('statistics-M5'!$J50/365))) -> 2.0323425 | W43: =IF(ISBLANK(LSP_All[[#This Row],[M6+]]),"",ABS(LSP_All[[#This Row],[M6+]]-('statistics-M6'!$J50/365))) -> 1.763589 | X43: =IF(ISBLANK(LSP_All[[#This Row],[M7+]]),"",ABS(LSP_All[[#This Row],[M7+]]-('statistics-M7'!$J50/365))) | Y43: =IF(ISBLANK(LSP_All[[#This Row],[M8+]]),"",ABS(LSP_All[[#This Row],[M8+]]-('statistics-M8'!$J50/365)))
A44: Argentina | B44: 3 | C44: 3.086 | D44: 2.766 | E44: 10.242 | I44: =IF(ISBLANK(LSP_All[[#This Row],[M4+]]),"",ABS(LSP_All[[#This Row],[M4+]]-('statistics-M4'!$I51/365))) -> 1.2533884 | J44: =IF(ISBLANK(LSP_All[[#This Row],[M5+]]),"",ABS(LSP_All[[#This Row],[M5+]]-('statistics-M5'!$I51/365))) -> 0.46200224 | K44: =IF(ISBLANK(LSP_All[[#This Row],[M6+]]),"",ABS(LSP_All[[#This Row],[M6+]]-('statistics-M6'!$I51/365))) -> 5.6280731 | L44: =IF(ISBLANK(LSP_All[[#This Row],[M7+]]),"",ABS(LSP_All[[#This Row],[M7+]]-('statistics-M7'!$I51/365))) | M44: =IF(ISBLANK(LSP_All[[#This Row],[M8+]]),"",ABS(LSP_All[[#This Row],[M8+]]-('statistics-M8'!$I51/365))) | O44: =IF(ISBLANK(LSP_All[[#This Row],[M4+]]),"",ABS(LSP_All[[#This Row],[M4+]]-('statistics-M4'!$F51/365))) -> 2.4476438 | P44: =IF(ISBLANK(LSP_All[[#This Row],[M5+]]),"",ABS(LSP_All[[#This Row],[M5+]]-('statistics-M5'!$F51/365))) -> 2.1276438 | Q44: =IF(ISBLANK(LSP_All[[#This Row],[M6+]]),"",ABS(LSP_All[[#This Row],[M6+]]-('statistics-M6'!$F51/365))) -> 9.702274 | R44: =IF(ISBLANK(LSP_All[[#This Row],[M7+]]),"",ABS(LSP_All[[#This Row],[M7+]]-('statistics-M7'!$F51/365))) | S44: =IF(ISBLANK(LSP_All[[#This Row],[M8+]]),"",ABS(LSP_All[[#This Row],[M8+]]-('statistics-M8'!$F51/365))) | U44: =IF(ISBLANK(LSP_All[[#This Row],[M4+]]),"",ABS(LSP_All[[#This Row],[M4+]]-('statistics-M4'!$J51/365))) -> 2.1394247 | V44: =IF(ISBLANK(LSP_All[[#This Row],[M5+]]),"",ABS(LSP_All[[#This Row],[M5+]]-('statistics-M5'!$J51/365))) -> 1.5824384 | W44: =IF(ISBLANK(LSP_All[[#This Row],[M6+]]),"",ABS(LSP_All[[#This Row],[M6+]]-('statistics-M6'!$J51/365))) -> 7.7159726 | X44: =IF(ISBLANK(LSP_All[[#This Row],[M7+]]),"",ABS(LSP_All[[#This Row],[M7+]]-('statistics-M7'!$J51/365))) | Y44: =IF(ISBLANK(LSP_All[[#This Row],[M8+]]),"",ABS(LSP_All[[#This Row],[M8+]]-('statistics-M8'!$J51/365)))
A45: Peru | B45: 1 | C45: 1.694 | D45: 1.694 | E45: 1.694 | F45: 3.68 | I45: =IF(ISBLANK(LSP_All[[#This Row],[M4+]]),"",ABS(LSP_All[[#This Row],[M4+]]-('statistics-M4'!$I52/365))) -> 0.62854012 | J45: =IF(ISBLANK(LSP_All[[#This Row],[M5+]]),"",ABS(LSP_All[[#This Row],[M5+]]-('statistics-M5'!$I52/365))) -> 0.62854012 | K45: =IF(ISBLANK(LSP_All[[#This Row],[M6+]]),"",ABS(LSP_All[[#This Row],[M6+]]-('statistics-M6'!$I52/365))) -> 0.3969184 | L45: =IF(ISBLANK(LSP_All[[#This Row],[M7+]]),"",ABS(LSP_All[[#This Row],[M7+]]-('statistics-M7'!$I52/365))) -> 0.0021917808 | M45: =IF(ISBLANK(LSP_All[[#This Row],[M8+]]),"",ABS(LSP_All[[#This Row],[M8+]]-('statistics-M8'!$I52/365))) | O45: =IF(ISBLANK(LSP_All[[#This Row],[M4+]]),"",ABS(LSP_All[[#This Row],[M4+]]-('statistics-M4'!$F52/365))) -> 1.063863 | P45: =IF(ISBLANK(LSP_All[[#This Row],[M5+]]),"",ABS(LSP_All[[#This Row],[M5+]]-('statistics-M5'!$F52/365))) -> 1.063863 | Q45: =IF(ISBLANK(LSP_All[[#This Row],[M6+]]),"",ABS(LSP_All[[#This Row],[M6+]]-('statistics-M6'!$F52/365))) -> 1.0392055 | R45: =IF(ISBLANK(LSP_All[[#This Row],[M7+]]),"",ABS(LSP_All[[#This Row],[M7+]]-('statistics-M7'!$F52/365))) -> 3.1512329 | S45: =IF(ISBLANK(LSP_All[[#This Row],[M8+]]),"",ABS(LSP_All[[#This Row],[M8+]]-('statistics-M8'!$F52/365))) | U45: =IF(ISBLANK(LSP_All[[#This Row],[M4+]]),"",ABS(LSP_All[[#This Row],[M4+]]-('statistics-M4'!$J52/365))) -> 0.7830411 | V45: =IF(ISBLANK(LSP_All[[#This Row],[M5+]]),"",ABS(LSP_All[[#This Row],[M5+]]-('statistics-M5'!$J52/365))) -> 0.7830411 | W45: =IF(ISBLANK(LSP_All[[#This Row],[M6+]]),"",ABS(LSP_All[[#This Row],[M6+]]-('statistics-M6'!$J52/365))) -> 0.62961644 | X45: =IF(ISBLANK(LSP_All[[#This Row],[M7+]]),"",ABS(LSP_All[[#This Row],[M7+]]-('statistics-M7'!$J52/365))) -> 0.36219178 | Y45: =IF(ISBLANK(LSP_All[[#This Row],[M8+]]),"",ABS(LSP_All[[#This Row],[M8+]]-('statistics-M8'!$J52/365)))
A46: Peru | B46: 2 | C46: 3.325 | I46: =IF(ISBLANK(LSP_All[[#This Row],[M4+]]),"",ABS(LSP_All[[#This Row],[M4+]]-('statistics-M4'!$I53/365))) -> 0.51480213 | J46: =IF(ISBLANK(LSP_All[[#This Row],[M5+]]),"",ABS(LSP_All[[#This Row],[M5+]]-('statistics-M5'!$I53/365))) | K46: =IF(ISBLANK(LSP_All[[#This Row],[M6+]]),"",ABS(LSP_All[[#This Row],[M6+]]-('statistics-M6'!$I53/365))) | L46: =IF(ISBLANK(LSP_All[[#This Row],[M7+]]),"",ABS(LSP_All[[#This Row],[M7+]]-('statistics-M7'!$I53/365))) | M46: =IF(ISBLANK(LSP_All[[#This Row],[M8+]]),"",ABS(LSP_All[[#This Row],[M8+]]-('statistics-M8'!$I53/365))) | O46: =IF(ISBLANK(LSP_All[[#This Row],[M4+]]),"",ABS(LSP_All[[#This Row],[M4+]]-('statistics-M4'!$F53/365))) -> 2.7414384 | P46: =IF(ISBLANK(LSP_All[[#This Row],[M5+]]),"",ABS(LSP_All[[#This Row],[M5+]]-('statistics-M5'!$F53/365))) | Q46: =IF(ISBLANK(LSP_All[[#This Row],[M6+]]),"",ABS(LSP_All[[#This Row],[M6+]]-('statistics-M6'!$F53/365))) | R46: =IF(ISBLANK(LSP_All[[#This Row],[M7+]]),"",ABS(LSP_All[[#This Row],[M7+]]-('statistics-M7'!$F53/365))) | S46: =IF(ISBLANK(LSP_All[[#This Row],[M8+]]),"",ABS(LSP_All[[#This Row],[M8+]]-('statistics-M8'!$F53/365))) | U46: =IF(ISBLANK(LSP_All[[#This Row],[M4+]]),"",ABS(LSP_All[[#This Row],[M4+]]-('statistics-M4'!$J53/365))) -> 0.96472603 | V46: =IF(ISBLANK(LSP_All[[#This Row],[M5+]]),"",ABS(LSP_All[[#This Row],[M5+]]-('statistics-M5'!$J53/365))) | W46: =IF(ISBLANK(LSP_All[[#This Row],[M6+]]),"",ABS(LSP_All[[#This Row],[M6+]]-('statistics-M6'!$J53/365))) | X46: =IF(ISBLANK(LSP_All[[#This Row],[M7+]]),"",ABS(LSP_All[[#This Row],[M7+]]-('statistics-M7'!$J53/365))) | Y46: =IF(ISBLANK(LSP_All[[#This Row],[M8+]]),"",ABS(LSP_All[[#This Row],[M8+]]-('statistics-M8'!$J53/365)))
A47: Peru | B47: 3 | C47: 11.734 | I47: =IF(ISBLANK(LSP_All[[#This Row],[M4+]]),"",ABS(LSP_All[[#This Row],[M4+]]-('statistics-M4'!$I54/365))) -> 4.5025985 | J47: =IF(ISBLANK(LSP_All[[#This Row],[M5+]]),"",ABS(LSP_All[[#This Row],[M5+]]-('statistics-M5'!$I54/365))) | K47: =IF(ISBLANK(LSP_All[[#This Row],[M6+]]),"",ABS(LSP_All[[#This Row],[M6+]]-('statistics-M6'!$I54/365))) | L47: =IF(ISBLANK(LSP_All[[#This Row],[M7+]]),"",ABS(LSP_All[[#This Row],[M7+]]-('statistics-M7'!$I54/365))) | M47: =IF(ISBLANK(LSP_All[[#This Row],[M8+]]),"",ABS(LSP_All[[#This Row],[M8+]]-('statistics-M8'!$I54/365))) | O47: =IF(ISBLANK(LSP_All[[#This Row],[M4+]]),"",ABS(LSP_All[[#This Row],[M4+]]-('statistics-M4'!$F54/365))) -> 11.062767 | P47: =IF(ISBLANK(LSP_All[[#This Row],[M5+]]),"",ABS(LSP_All[[#This Row],[M5+]]-('statistics-M5'!$F54/365))) | Q47: =IF(ISBLANK(LSP_All[[#This Row],[M6+]]),"",ABS(LSP_All[[#This Row],[M6+]]-('statistics-M6'!$F54/365))) | R47: =IF(ISBLANK(LSP_All[[#This Row],[M7+]]),"",ABS(LSP_All[[#This Row],[M7+]]-('statistics-M7'!$F54/365))) | S47: =IF(ISBLANK(LSP_All[[#This Row],[M8+]]),"",ABS(LSP_All[[#This Row],[M8+]]-('statistics-M8'!$F54/365))) | U47: =IF(ISBLANK(LSP_All[[#This Row],[M4+]]),"",ABS(LSP_All[[#This Row],[M4+]]-('statistics-M4'!$J54/365))) -> 9.4655068 | V47: =IF(ISBLANK(LSP_All[[#This Row],[M5+]]),"",ABS(LSP_All[[#This Row],[M5+]]-('statistics-M5'!$J54/365))) | W47: =IF(ISBLANK(LSP_All[[#This Row],[M6+]]),"",ABS(LSP_All[[#This Row],[M6+]]-('statistics-M6'!$J54/365))) | X47: =IF(ISBLANK(LSP_All[[#This Row],[M7+]]),"",ABS(LSP_All[[#This Row],[M7+]]-('statistics-M7'!$J54/365))) | Y47: =IF(ISBLANK(LSP_All[[#This Row],[M8+]]),"",ABS(LSP_All[[#This Row],[M8+]]-('statistics-M8'!$J54/365)))
A48: Colombia | B48: 1 | C48: 1.754 | D48: 1.754 | E48: 3.106 | I48: =IF(ISBLANK(LSP_All[[#This Row],[M4+]]),"",ABS(LSP_All[[#This Row],[M4+]]-('statistics-M4'!$I55/365))) -> 0.2335223 | J48: =IF(ISBLANK(LSP_All[[#This Row],[M5+]]),"",ABS(LSP_All[[#This Row],[M5+]]-('statistics-M5'!$I55/365))) -> 0.2335223 | K48: =IF(ISBLANK(LSP_All[[#This Row],[M6+]]),"",ABS(LSP_All[[#This Row],[M6+]]-('statistics-M6'!$I55/365))) -> 0.30915068 | L48: =IF(ISBLANK(LSP_All[[#This Row],[M7+]]),"",ABS(LSP_All[[#This Row],[M7+]]-('statistics-M7'!$I55/365))) | M48: =IF(ISBLANK(LSP_All[[#This Row],[M8+]]),"",ABS(LSP_All[[#This Row],[M8+]]-('statistics-M8'!$I55/365))) | O48: =IF(ISBLANK(LSP_All[[#This Row],[M4+]]),"",ABS(LSP_All[[#This Row],[M4+]]-('statistics-M4'!$F55/365))) -> 0.83893151 | P48: =IF(ISBLANK(LSP_All[[#This Row],[M5+]]),"",ABS(LSP_All[[#This Row],[M5+]]-('statistics-M5'!$F55/365))) -> 0.83893151 | Q48: =IF(ISBLANK(LSP_All[[#This Row],[M6+]]),"",ABS(LSP_All[[#This Row],[M6+]]-('statistics-M6'!$F55/365))) -> 2.596411 | R48: =IF(ISBLANK(LSP_All[[#This Row],[M7+]]),"",ABS(LSP_All[[#This Row],[M7+]]-('statistics-M7'!$F55/365))) | S48: =IF(ISBLANK(LSP_All[[#This Row],[M8+]]),"",ABS(LSP_All[[#This Row],[M8+]]-('statistics-M8'!$F55/365))) | U48: =IF(ISBLANK(LSP_All[[#This Row],[M4+]]),"",ABS(LSP_All[[#This Row],[M4+]]-('statistics-M4'!$J55/365))) -> 0.8279726 | V48: =IF(ISBLANK(LSP_All[[#This Row],[M5+]]),"",ABS(LSP_All[[#This Row],[M5+]]-('statistics-M5'!$J55/365))) -> 0.8279726 | W48: =IF(ISBLANK(LSP_All[[#This Row],[M6+]]),"",ABS(LSP_All[[#This Row],[M6+]]-('statistics-M6'!$J55/365))) -> 1.4744932 | X48: =IF(ISBLANK(LSP_All[[#This Row],[M7+]]),"",ABS(LSP_All[[#This Row],[M7+]]-('statistics-M7'!$J55/365))) | Y48: =IF(ISBLANK(LSP_All[[#This Row],[M8+]]),"",ABS(LSP_All[[#This Row],[M8+]]-('statistics-M8'!$J55/365)))
A49: Colombia | B49: 2 | C49: 3.563 | D49: 4.989 | I49: =IF(ISBLANK(LSP_All[[#This Row],[M4+]]),"",ABS(LSP_All[[#This Row],[M4+]]-('statistics-M4'!$I56/365))) -> 1.2570251 | J49: =IF(ISBLANK(LSP_All[[#This Row],[M5+]]),"",ABS(LSP_All[[#This Row],[M5+]]-('statistics-M5'!$I56/365))) -> 1.1374344 | K49: =IF(ISBLANK(LSP_All[[#This Row],[M6+]]),"",ABS(LSP_All[[#This Row],[M6+]]-('statistics-M6'!$I56/365))) | L49: =IF(ISBLANK(LSP_All[[#This Row],[M7+]]),"",ABS(LSP_All[[#This Row],[M7+]]-('statistics-M7'!$I56/365))) | M49: =IF(ISBLANK(LSP_All[[#This Row],[M8+]]),"",ABS(LSP_All[[#This Row],[M8+]]-('statistics-M8'!$I56/365))) | O49: =IF(ISBLANK(LSP_All[[#This Row],[M4+]]),"",ABS(LSP_All[[#This Row],[M4+]]-('statistics-M4'!$F56/365))) -> 2.2588904 | P49: =IF(ISBLANK(LSP_All[[#This Row],[M5+]]),"",ABS(LSP_All[[#This Row],[M5+]]-('statistics-M5'!$F56/365))) -> 4.3616027 | Q49: =IF(ISBLANK(LSP_All[[#This Row],[M6+]]),"",ABS(LSP_All[[#This Row],[M6+]]-('statistics-M6'!$F56/365))) | R49: =IF(ISBLANK(LSP_All[[#This Row],[M7+]]),"",ABS(LSP_All[[#This Row],[M7+]]-('statistics-M7'!$F56/365))) | S49: =IF(ISBLANK(LSP_All[[#This Row],[M8+]]),"",ABS(LSP_All[[#This Row],[M8+]]-('statistics-M8'!$F56/365))) | U49: =IF(ISBLANK(LSP_All[[#This Row],[M4+]]),"",ABS(LSP_All[[#This Row],[M4+]]-('statistics-M4'!$J56/365))) -> 2.5684795 | V49: =IF(ISBLANK(LSP_All[[#This Row],[M5+]]),"",ABS(LSP_All[[#This Row],[M5+]]-('statistics-M5'!$J56/365))) -> 2.4972192 | W49: =IF(ISBLANK(LSP_All[[#This Row],[M6+]]),"",ABS(LSP_All[[#This Row],[M6+]]-('statistics-M6'!$J56/365))) | X49: =IF(ISBLANK(LSP_All[[#This Row],[M7+]]),"",ABS(LSP_All[[#This Row],[M7+]]-('statistics-M7'!$J56/365))) | Y49: =IF(ISBLANK(LSP_All[[#This Row],[M8+]]),"",ABS(LSP_All[[#This Row],[M8+]]-('statistics-M8'!$J56/365)))
A50: Colombia | B50: 3 | C50: 4.553 | I50: =IF(ISBLANK(LSP_All[[#This Row],[M4+]]),"",ABS(LSP_All[[#This Row],[M4+]]-('statistics-M4'!$I57/365))) -> 1.0363659 | J50: =IF(ISBLANK(LSP_All[[#This Row],[M5+]]),"",ABS(LSP_All[[#This Row],[M5+]]-('statistics-M5'!$I57/365))) | K50: =IF(ISBLANK(LSP_All[[#This Row],[M6+]]),"",ABS(LSP_All[[#This Row],[M6+]]-('statistics-M6'!$I57/365))) | L50: =IF(ISBLANK(LSP_All[[#This Row],[M7+]]),"",ABS(LSP_All[[#This Row],[M7+]]-('statistics-M7'!$I57/365))) | M50: =IF(ISBLANK(LSP_All[[#This Row],[M8+]]),"",ABS(LSP_All[[#This Row],[M8+]]-('statistics-M8'!$I57/365))) | O50: =IF(ISBLANK(LSP_All[[#This Row],[M4+]]),"",ABS(LSP_All[[#This Row],[M4+]]-('statistics-M4'!$F57/365))) -> 3.8187534 | P50: =IF(ISBLANK(LSP_All[[#This Row],[M5+]]),"",ABS(LSP_All[[#This Row],[M5+]]-('statistics-M5'!$F57/365))) | Q50: =IF(ISBLANK(LSP_All[[#This Row],[M6+]]),"",ABS(LSP_All[[#This Row],[M6+]]-('statistics-M6'!$F57/365))) | R50: =IF(ISBLANK(LSP_All[[#This Row],[M7+]]),"",ABS(LSP_All[[#This Row],[M7+]]-('statistics-M7'!$F57/365))) | S50: =IF(ISBLANK(LSP_All[[#This Row],[M8+]]),"",ABS(LSP_All[[#This Row],[M8+]]-('statistics-M8'!$F57/365))) | U50: =IF(ISBLANK(LSP_All[[#This Row],[M4+]]),"",ABS(LSP_All[[#This Row],[M4+]]-('statistics-M4'!$J57/365))) -> 3.313274 | V50: =IF(ISBLANK(LSP_All[[#This Row],[M5+]]),"",ABS(LSP_All[[#This Row],[M5+]]-('statistics-M5'!$J57/365))) | W50: =IF(ISBLANK(LSP_All[[#This Row],[M6+]]),"",ABS(LSP_All[[#This Row],[M6+]]-('statistics-M6'!$J57/365))) | X50: =IF(ISBLANK(LSP_All[[#This Row],[M7+]]),"",ABS(LSP_All[[#This Row],[M7+]]-('statistics-M7'!$J57/365))) | Y50: =IF(ISBLANK(LSP_All[[#This Row],[M8+]]),"",ABS(LSP_All[[#This Row],[M8+]]-('statistics-M8'!$J57/365)))
A51: Indonesia | B51: 1 | C51: 0.902 | D51: 0.902 | E51: 0.902 | F51: 1.455 | G51: 11.978 | I51: =IF(ISBLANK(LSP_All[[#This Row],[M4+]]),"",ABS(LSP_All[[#This Row],[M4+]]-('statistics-M4'!$I58/365))) -> 0.018639525 | J51: =IF(ISBLANK(LSP_All[[#This Row],[M5+]]),"",ABS(LSP_All[[#This Row],[M5+]]-('statistics-M5'!$I58/365))) -> 0.018639525 | K51: =IF(ISBLANK(LSP_All[[#This Row],[M6+]]),"",ABS(LSP_All[[#This Row],[M6+]]-('statistics-M6'!$I58/365))) -> 0.018639525 | L51: =IF(ISBLANK(LSP_All[[#This Row],[M7+]]),"",ABS(LSP_All[[#This Row],[M7+]]-('statistics-M7'!$I58/365))) -> 0.019539228 | M51: =IF(ISBLANK(LSP_All[[#This Row],[M8+]]),"",ABS(LSP_All[[#This Row],[M8+]]-('statistics-M8'!$I58/365))) -> 0.78287062 | O51: =IF(ISBLANK(LSP_All[[#This Row],[M4+]]),"",ABS(LSP_All[[#This Row],[M4+]]-('statistics-M4'!$F58/365))) -> 0.38693151 | P51: =IF(ISBLANK(LSP_All[[#This Row],[M5+]]),"",ABS(LSP_All[[#This Row],[M5+]]-('statistics-M5'!$F58/365))) -> 0.38693151 | Q51: =IF(ISBLANK(LSP_All[[#This Row],[M6+]]),"",ABS(LSP_All[[#This Row],[M6+]]-('statistics-M6'!$F58/365))) -> 0.38693151 | R51: =IF(ISBLANK(LSP_All[[#This Row],[M7+]]),"",ABS(LSP_All[[#This Row],[M7+]]-('statistics-M7'!$F58/365))) -> 0.93993151 | S51: =IF(ISBLANK(LSP_All[[#This Row],[M8+]]),"",ABS(LSP_All[[#This Row],[M8+]]-('statistics-M8'!$F58/365))) -> 10.753342 | U51: =IF(ISBLANK(LSP_All[[#This Row],[M4+]]),"",ABS(LSP_All[[#This Row],[M4+]]-('statistics-M4'!$J58/365))) -> 0.071863014 | V51: =IF(ISBLANK(LSP_All[[#This Row],[M5+]]),"",ABS(LSP_All[[#This Row],[M5+]]-('statistics-M5'!$J58/365))) -> 0.071863014 | W51: =IF(ISBLANK(LSP_All[[#This Row],[M6+]]),"",ABS(LSP_All[[#This Row],[M6+]]-('statistics-M6'!$J58/365))) -> 0.071863014 | X51: =IF(ISBLANK(LSP_All[[#This Row],[M7+]]),"",ABS(LSP_All[[#This Row],[M7+]]-('statistics-M7'!$J58/365))) -> 0.2810274 | Y51: =IF(ISBLANK(LSP_All[[#This Row],[M8+]]),"",ABS(LSP_All[[#This Row],[M8+]]-('statistics-M8'!$J58/365))) -> 3.1149863
A52: Indonesia | B52: 2 | C52: 3.676 | D52: 4.665 | I52: =IF(ISBLANK(LSP_All[[#This Row],[M4+]]),"",ABS(LSP_All[[#This Row],[M4+]]-('statistics-M4'!$I59/365))) -> 1.3643235 | J52: =IF(ISBLANK(LSP_All[[#This Row],[M5+]]),"",ABS(LSP_All[[#This Row],[M5+]]-('statistics-M5'!$I59/365))) -> 1.5330513 | K52: =IF(ISBLANK(LSP_All[[#This Row],[M6+]]),"",ABS(LSP_All[[#This Row],[M6+]]-('statistics-M6'!$I59/365))) | L52: =IF(ISBLANK(LSP_All[[#This Row],[M7+]]),"",ABS(LSP_All[[#This Row],[M7+]]-('statistics-M7'!$I59/365))) | M52: =IF(ISBLANK(LSP_All[[#This Row],[M8+]]),"",ABS(LSP_All[[#This Row],[M8+]]-('statistics-M8'!$I59/365))) | O52: =IF(ISBLANK(LSP_All[[#This Row],[M4+]]),"",ABS(LSP_All[[#This Row],[M4+]]-('statistics-M4'!$F59/365))) -> 3.1390137 | P52: =IF(ISBLANK(LSP_All[[#This Row],[M5+]]),"",ABS(LSP_All[[#This Row],[M5+]]-('statistics-M5'!$F59/365))) -> 4.1280137 | Q52: =IF(ISBLANK(LSP_All[[#This Row],[M6+]]),"",ABS(LSP_All[[#This Row],[M6+]]-('statistics-M6'!$F59/365))) | R52: =IF(ISBLANK(LSP_All[[#This Row],[M7+]]),"",ABS(LSP_All[[#This Row],[M7+]]-('statistics-M7'!$F59/365))) | S52: =IF(ISBLANK(LSP_All[[#This Row],[M8+]]),"",ABS(LSP_All[[#This Row],[M8+]]-('statistics-M8'!$F59/365))) | U52: =IF(ISBLANK(LSP_All[[#This Row],[M4+]]),"",ABS(LSP_All[[#This Row],[M4+]]-('statistics-M4'!$J59/365))) -> 2.4773699 | V52: =IF(ISBLANK(LSP_All[[#This Row],[M5+]]),"",ABS(LSP_All[[#This Row],[M5+]]-('statistics-M5'!$J59/365))) -> 3.0156849 | W52: =IF(ISBLANK(LSP_All[[#This Row],[M6+]]),"",ABS(LSP_All[[#This Row],[M6+]]-('statistics-M6'!$J59/365))) | X52: =IF(ISBLANK(LSP_All[[#This Row],[M7+]]),"",ABS(LSP_All[[#This Row],[M7+]]-('statistics-M7'!$J59/365))) | Y52: =IF(ISBLANK(LSP_All[[#This Row],[M8+]]),"",ABS(LSP_All[[#This Row],[M8+]]-('statistics-M8'!$J59/365)))
A53: Indonesia | B53: 3 | C53: 1.75 | D53: 1.875 | E53: 14.221 | I53: =IF(ISBLANK(LSP_All[[#This Row],[M4+]]),"",ABS(LSP_All[[#This Row],[M4+]]-('statistics-M4'!$I60/365))) -> 0.34947815 | J53: =IF(ISBLANK(LSP_All[[#This Row],[M5+]]),"",ABS(LSP_All[[#This Row],[M5+]]-('statistics-M5'!$I60/365))) -> 0.026187215 | K53: =IF(ISBLANK(LSP_All[[#This Row],[M6+]]),"",ABS(LSP_All[[#This Row],[M6+]]-('statistics-M6'!$I60/365))) -> 7.8837093 | L53: =IF(ISBLANK(LSP_All[[#This Row],[M7+]]),"",ABS(LSP_All[[#This Row],[M7+]]-('statistics-M7'!$I60/365))) | M53: =IF(ISBLANK(LSP_All[[#This Row],[M8+]]),"",ABS(LSP_All[[#This Row],[M8+]]-('statistics-M8'!$I60/365))) | O53: =IF(ISBLANK(LSP_All[[#This Row],[M4+]]),"",ABS(LSP_All[[#This Row],[M4+]]-('statistics-M4'!$F60/365))) -> 0.94452055 | P53: =IF(ISBLANK(LSP_All[[#This Row],[M5+]]),"",ABS(LSP_All[[#This Row],[M5+]]-('statistics-M5'!$F60/365))) -> 1.3078767 | Q53: =IF(ISBLANK(LSP_All[[#This Row],[M6+]]),"",ABS(LSP_All[[#This Row],[M6+]]-('statistics-M6'!$F60/365))) -> 13.415521 | R53: =IF(ISBLANK(LSP_All[[#This Row],[M7+]]),"",ABS(LSP_All[[#This Row],[M7+]]-('statistics-M7'!$F60/365))) | S53: =IF(ISBLANK(LSP_All[[#This Row],[M8+]]),"",ABS(LSP_All[[#This Row],[M8+]]-('statistics-M8'!$F60/365))) | U53: =IF(ISBLANK(LSP_All[[#This Row],[M4+]]),"",ABS(LSP_All[[#This Row],[M4+]]-('statistics-M4'!$J60/365))) -> 0.70342466 | V53: =IF(ISBLANK(LSP_All[[#This Row],[M5+]]),"",ABS(LSP_All[[#This Row],[M5+]]-('statistics-M5'!$J60/365))) -> 0.60787671 | W53: =IF(ISBLANK(LSP_All[[#This Row],[M6+]]),"",ABS(LSP_All[[#This Row],[M6+]]-('statistics-M6'!$J60/365))) -> 11.275795 | X53: =IF(ISBLANK(LSP_All[[#This Row],[M7+]]),"",ABS(LSP_All[[#This Row],[M7+]]-('statistics-M7'!$J60/365))) | Y53: =IF(ISBLANK(LSP_All[[#This Row],[M8+]]),"",ABS(LSP_All[[#This Row],[M8+]]-('statistics-M8'!$J60/365)))
A54: Timor Leste | B54: 1 | C54: 1.495 | D54: 1.495 | E54: 1.976 | I54: =IF(ISBLANK(LSP_All[[#This Row],[M4+]]),"",ABS(LSP_All[[#This Row],[M4+]]-('statistics-M4'!$I61/365))) -> 0.24938497 | J54: =IF(ISBLANK(LSP_All[[#This Row],[M5+]]),"",ABS(LSP_All[[#This Row],[M5+]]-('statistics-M5'!$I61/365))) -> 0.24938497 | K54: =IF(ISBLANK(LSP_All[[#This Row],[M6+]]),"",ABS(LSP_All[[#This Row],[M6+]]-('statistics-M6'!$I61/365))) -> 0.098559932 | L54: =IF(ISBLANK(LSP_All[[#This Row],[M7+]]),"",ABS(LSP_All[[#This Row],[M7+]]-('statistics-M7'!$I61/365))) | M54: =IF(ISBLANK(LSP_All[[#This Row],[M8+]]),"",ABS(LSP_All[[#This Row],[M8+]]-('statistics-M8'!$I61/365))) | O54: =IF(ISBLANK(LSP_All[[#This Row],[M4+]]),"",ABS(LSP_All[[#This Row],[M4+]]-('statistics-M4'!$F61/365))) -> 0.98815068 | P54: =IF(ISBLANK(LSP_All[[#This Row],[M5+]]),"",ABS(LSP_All[[#This Row],[M5+]]-('statistics-M5'!$F61/365))) -> 0.98815068 | Q54: =IF(ISBLANK(LSP_All[[#This Row],[M6+]]),"",ABS(LSP_All[[#This Row],[M6+]]-('statistics-M6'!$F61/365))) -> 0.20613699 | R54: =IF(ISBLANK(LSP_All[[#This Row],[M7+]]),"",ABS(LSP_All[[#This Row],[M7+]]-('statistics-M7'!$F61/365))) | S54: =IF(ISBLANK(LSP_All[[#This Row],[M8+]]),"",ABS(LSP_All[[#This Row],[M8+]]-('statistics-M8'!$F61/365))) | U54: =IF(ISBLANK(LSP_All[[#This Row],[M4+]]),"",ABS(LSP_All[[#This Row],[M4+]]-('statistics-M4'!$J61/365))) -> 0.68952055 | V54: =IF(ISBLANK(LSP_All[[#This Row],[M5+]]),"",ABS(LSP_All[[#This Row],[M5+]]-('statistics-M5'!$J61/365))) -> 0.68952055 | W54: =IF(ISBLANK(LSP_All[[#This Row],[M6+]]),"",ABS(LSP_All[[#This Row],[M6+]]-('statistics-M6'!$J61/365))) -> 0.68284932 | X54: =IF(ISBLANK(LSP_All[[#This Row],[M7+]]),"",ABS(LSP_All[[#This Row],[M7+]]-('statistics-M7'!$J61/365))) | Y54: =IF(ISBLANK(LSP_All[[#This Row],[M8+]]),"",ABS(LSP_All[[#This Row],[M8+]]-('statistics-M8'!$J61/365)))
A55: Australia | B55: 1 | C55: 2.409 | D55: 2.409 | E55: 3.434 | I55: =IF(ISBLANK(LSP_All[[#This Row],[M4+]]),"",ABS(LSP_All[[#This Row],[M4+]]-('statistics-M4'!$I64/365))) -> 1.1113182 | J55: =IF(ISBLANK(LSP_All[[#This Row],[M5+]]),"",ABS(LSP_All[[#This Row],[M5+]]-('statistics-M5'!$I64/365))) -> 1.0411733 | K55: =IF(ISBLANK(LSP_All[[#This Row],[M6+]]),"",ABS(LSP_All[[#This Row],[M6+]]-('statistics-M6'!$I64/365))) -> 1.1010914 | L55: =IF(ISBLANK(LSP_All[[#This Row],[M7+]]),"",ABS(LSP_All[[#This Row],[M7+]]-('statistics-M7'!$I64/365))) | M55: =IF(ISBLANK(LSP_All[[#This Row],[M8+]]),"",ABS(LSP_All[[#This Row],[M8+]]-('statistics-M8'!$I64/365))) | O55: =IF(ISBLANK(LSP_All[[#This Row],[M4+]]),"",ABS(LSP_All[[#This Row],[M4+]]-('statistics-M4'!$F64/365))) -> 1.4309178 | P55: =IF(ISBLANK(LSP_All[[#This Row],[M5+]]),"",ABS(LSP_All[[#This Row],[M5+]]-('statistics-M5'!$F64/365))) -> 1.6720137 | Q55: =IF(ISBLANK(LSP_All[[#This Row],[M6+]]),"",ABS(LSP_All[[#This Row],[M6+]]-('statistics-M6'!$F64/365))) -> 2.4668767 | R55: =IF(ISBLANK(LSP_All[[#This Row],[M7+]]),"",ABS(LSP_All[[#This Row],[M7+]]-('statistics-M7'!$F64/365))) | S55: =IF(ISBLANK(LSP_All[[#This Row],[M8+]]),"",ABS(LSP_All[[#This Row],[M8+]]-('statistics-M8'!$F64/365))) | U55: =IF(ISBLANK(LSP_All[[#This Row],[M4+]]),"",ABS(LSP_All[[#This Row],[M4+]]-('statistics-M4'!$J64/365))) -> 1.4322877 | V55: =IF(ISBLANK(LSP_All[[#This Row],[M5+]]),"",ABS(LSP_All[[#This Row],[M5+]]-('statistics-M5'!$J64/365))) -> 1.4226986 | W55: =IF(ISBLANK(LSP_All[[#This Row],[M6+]]),"",ABS(LSP_All[[#This Row],[M6+]]-('statistics-M6'!$J64/365))) -> 1.8668767 | X55: =IF(ISBLANK(LSP_All[[#This Row],[M7+]]),"",ABS(LSP_All[[#This Row],[M7+]]-('statistics-M7'!$J64/365))) | Y55: =IF(ISBLANK(LSP_All[[#This Row],[M8+]]),"",ABS(LSP_All[[#This Row],[M8+]]-('statistics-M8'!$J64/365)))
A56: Australia | B56: 2 | C56: 1.907 | D56: 2.295 | I56: =IF(ISBLANK(LSP_All[[#This Row],[M4+]]),"",ABS(LSP_All[[#This Row],[M4+]]-('statistics-M4'!$I65/365))) -> 0.21761644 | J56: =IF(ISBLANK(LSP_All[[#This Row],[M5+]]),"",ABS(LSP_All[[#This Row],[M5+]]-('statistics-M5'!$I65/365))) -> 0.28211746 | K56: =IF(ISBLANK(LSP_All[[#This Row],[M6+]]),"",ABS(LSP_All[[#This Row],[M6+]]-('statistics-M6'!$I65/365))) | L56: =IF(ISBLANK(LSP_All[[#This Row],[M7+]]),"",ABS(LSP_All[[#This Row],[M7+]]-('statistics-M7'!$I65/365))) | M56: =IF(ISBLANK(LSP_All[[#This Row],[M8+]]),"",ABS(LSP_All[[#This Row],[M8+]]-('statistics-M8'!$I65/365))) | O56: =IF(ISBLANK(LSP_All[[#This Row],[M4+]]),"",ABS(LSP_All[[#This Row],[M4+]]-('statistics-M4'!$F65/365))) -> 1.4083699 | P56: =IF(ISBLANK(LSP_All[[#This Row],[M5+]]),"",ABS(LSP_All[[#This Row],[M5+]]-('statistics-M5'!$F65/365))) -> 1.2676027 | Q56: =IF(ISBLANK(LSP_All[[#This Row],[M6+]]),"",ABS(LSP_All[[#This Row],[M6+]]-('statistics-M6'!$F65/365))) | R56: =IF(ISBLANK(LSP_All[[#This Row],[M7+]]),"",ABS(LSP_All[[#This Row],[M7+]]-('statistics-M7'!$F65/365))) | S56: =IF(ISBLANK(LSP_All[[#This Row],[M8+]]),"",ABS(LSP_All[[#This Row],[M8+]]-('statistics-M8'!$F65/365))) | U56: =IF(ISBLANK(LSP_All[[#This Row],[M4+]]),"",ABS(LSP_All[[#This Row],[M4+]]-('statistics-M4'!$J65/365))) -> 0.88782192 | V56: =IF(ISBLANK(LSP_All[[#This Row],[M5+]]),"",ABS(LSP_All[[#This Row],[M5+]]-('statistics-M5'!$J65/365))) -> 1.1881507 | W56: =IF(ISBLANK(LSP_All[[#This Row],[M6+]]),"",ABS(LSP_All[[#This Row],[M6+]]-('statistics-M6'!$J65/365))) | X56: =IF(ISBLANK(LSP_All[[#This Row],[M7+]]),"",ABS(LSP_All[[#This Row],[M7+]]-('statistics-M7'!$J65/365))) | Y56: =IF(ISBLANK(LSP_All[[#This Row],[M8+]]),"",ABS(LSP_All[[#This Row],[M8+]]-('statistics-M8'!$J65/365)))
A57: Australia | B57: 3 | C57: 2.985 | D57: 2.341 | E57: 4.513 | I57: =IF(ISBLANK(LSP_All[[#This Row],[M4+]]),"",ABS(LSP_All[[#This Row],[M4+]]-('statistics-M4'!$I66/365))) -> 1.312472 | J57: =IF(ISBLANK(LSP_All[[#This Row],[M5+]]),"",ABS(LSP_All[[#This Row],[M5+]]-('statistics-M5'!$I66/365))) -> 0.17779061 | K57: =IF(ISBLANK(LSP_All[[#This Row],[M6+]]),"",ABS(LSP_All[[#This Row],[M6+]]-('statistics-M6'!$I66/365))) -> 0.086972603 | L57: =IF(ISBLANK(LSP_All[[#This Row],[M7+]]),"",ABS(LSP_All[[#This Row],[M7+]]-('statistics-M7'!$I66/365))) | M57: =IF(ISBLANK(LSP_All[[#This Row],[M8+]]),"",ABS(LSP_All[[#This Row],[M8+]]-('statistics-M8'!$I66/365))) | O57: =IF(ISBLANK(LSP_All[[#This Row],[M4+]]),"",ABS(LSP_All[[#This Row],[M4+]]-('statistics-M4'!$F66/365))) -> 2.445274 | P57: =IF(ISBLANK(LSP_All[[#This Row],[M5+]]),"",ABS(LSP_All[[#This Row],[M5+]]-('statistics-M5'!$F66/365))) -> 1.601274 | Q57: =IF(ISBLANK(LSP_All[[#This Row],[M6+]]),"",ABS(LSP_All[[#This Row],[M6+]]-('statistics-M6'!$F66/365))) -> 3.773274 | R57: =IF(ISBLANK(LSP_All[[#This Row],[M7+]]),"",ABS(LSP_All[[#This Row],[M7+]]-('statistics-M7'!$F66/365))) | S57: =IF(ISBLANK(LSP_All[[#This Row],[M8+]]),"",ABS(LSP_All[[#This Row],[M8+]]-('statistics-M8'!$F66/365))) | U57: =IF(ISBLANK(LSP_All[[#This Row],[M4+]]),"",ABS(LSP_All[[#This Row],[M4+]]-('statistics-M4'!$J66/365))) -> 2.0233562 | V57: =IF(ISBLANK(LSP_All[[#This Row],[M5+]]),"",ABS(LSP_All[[#This Row],[M5+]]-('statistics-M5'!$J66/365))) -> 1.1396301 | W57: =IF(ISBLANK(LSP_All[[#This Row],[M6+]]),"",ABS(LSP_All[[#This Row],[M6+]]-('statistics-M6'!$J66/365))) -> 0.46368493 | X57: =IF(ISBLANK(LSP_All[[#This Row],[M7+]]),"",ABS(LSP_All[[#This Row],[M7+]]-('statistics-M7'!$J66/365))) | Y57: =IF(ISBLANK(LSP_All[[#This Row],[M8+]]),"",ABS(LSP_All[[#This Row],[M8+]]-('statistics-M8'!$J66/365)))
A58: New Zealand | B58: 1 | C58: 1.338 | D58: 1.338 | E58: 1.338 | F58: 3.761 | I58: =IF(ISBLANK(LSP_All[[#This Row],[M4+]]),"",ABS(LSP_All[[#This Row],[M4+]]-('statistics-M4'!$I67/365))) -> 0.38194883 | J58: =IF(ISBLANK(LSP_All[[#This Row],[M5+]]),"",ABS(LSP_All[[#This Row],[M5+]]-('statistics-M5'!$I67/365))) -> 0.38194883 | K58: =IF(ISBLANK(LSP_All[[#This Row],[M6+]]),"",ABS(LSP_All[[#This Row],[M6+]]-('statistics-M6'!$I67/365))) -> 0.34926332 | L58: =IF(ISBLANK(LSP_All[[#This Row],[M7+]]),"",ABS(LSP_All[[#This Row],[M7+]]-('statistics-M7'!$I67/365))) -> 0.44053263 | M58: =IF(ISBLANK(LSP_All[[#This Row],[M8+]]),"",ABS(LSP_All[[#This Row],[M8+]]-('statistics-M8'!$I67/365))) | O58: =IF(ISBLANK(LSP_All[[#This Row],[M4+]]),"",ABS(LSP_All[[#This Row],[M4+]]-('statistics-M4'!$F67/365))) -> 0.82567123 | P58: =IF(ISBLANK(LSP_All[[#This Row],[M5+]]),"",ABS(LSP_All[[#This Row],[M5+]]-('statistics-M5'!$F67/365))) -> 0.82567123 | Q58: =IF(ISBLANK(LSP_All[[#This Row],[M6+]]),"",ABS(LSP_All[[#This Row],[M6+]]-('statistics-M6'!$F67/365))) -> 0.82567123 | R58: =IF(ISBLANK(LSP_All[[#This Row],[M7+]]),"",ABS(LSP_All[[#This Row],[M7+]]-('statistics-M7'!$F67/365))) -> 3.2157945 | S58: =IF(ISBLANK(LSP_All[[#This Row],[M8+]]),"",ABS(LSP_All[[#This Row],[M8+]]-('statistics-M8'!$F67/365))) | U58: =IF(ISBLANK(LSP_All[[#This Row],[M4+]]),"",ABS(LSP_All[[#This Row],[M4+]]-('statistics-M4'!$J67/365))) -> 0.44758904 | V58: =IF(ISBLANK(LSP_All[[#This Row],[M5+]]),"",ABS(LSP_All[[#This Row],[M5+]]-('statistics-M5'!$J67/365))) -> 0.44758904 | W58: =IF(ISBLANK(LSP_All[[#This Row],[M6+]]),"",ABS(LSP_All[[#This Row],[M6+]]-('statistics-M6'!$J67/365))) -> 0.45306849 | X58: =IF(ISBLANK(LSP_All[[#This Row],[M7+]]),"",ABS(LSP_All[[#This Row],[M7+]]-('statistics-M7'!$J67/365))) -> 1.1842877 | Y58: =IF(ISBLANK(LSP_All[[#This Row],[M8+]]),"",ABS(LSP_All[[#This Row],[M8+]]-('statistics-M8'!$J67/365)))
A59: New Zealand | B59: 2 | C59: 2.491 | D59: 2.446 | E59: 6.255 | F59: 16.012 | I59: =IF(ISBLANK(LSP_All[[#This Row],[M4+]]),"",ABS(LSP_All[[#This Row],[M4+]]-('statistics-M4'!$I68/365))) -> 1.2242474 | J59: =IF(ISBLANK(LSP_All[[#This Row],[M5+]]),"",ABS(LSP_All[[#This Row],[M5+]]-('statistics-M5'!$I68/365))) -> 1.1000753 | K59: =IF(ISBLANK(LSP_All[[#This Row],[M6+]]),"",ABS(LSP_All[[#This Row],[M6+]]-('statistics-M6'!$I68/365))) -> 3.3448926 | L59: =IF(ISBLANK(LSP_All[[#This Row],[M7+]]),"",ABS(LSP_All[[#This Row],[M7+]]-('statistics-M7'!$I68/365))) -> 8.9492603 | M59: =IF(ISBLANK(LSP_All[[#This Row],[M8+]]),"",ABS(LSP_All[[#This Row],[M8+]]-('statistics-M8'!$I68/365))) | O59: =IF(ISBLANK(LSP_All[[#This Row],[M4+]]),"",ABS(LSP_All[[#This Row],[M4+]]-('statistics-M4'!$F68/365))) -> 1.8964795 | P59: =IF(ISBLANK(LSP_All[[#This Row],[M5+]]),"",ABS(LSP_All[[#This Row],[M5+]]-('statistics-M5'!$F68/365))) -> 1.6213425 | Q59: =IF(ISBLANK(LSP_All[[#This Row],[M6+]]),"",ABS(LSP_All[[#This Row],[M6+]]-('statistics-M6'!$F68/365))) -> 4.6358219 | R59: =IF(ISBLANK(LSP_All[[#This Row],[M7+]]),"",ABS(LSP_All[[#This Row],[M7+]]-('statistics-M7'!$F68/365))) -> 14.754466 | S59: =IF(ISBLANK(LSP_All[[#This Row],[M8+]]),"",ABS(LSP_All[[#This Row],[M8+]]-('statistics-M8'!$F68/365))) | U59: =IF(ISBLANK(LSP_All[[#This Row],[M4+]]),"",ABS(LSP_All[[#This Row],[M4+]]-('statistics-M4'!$J68/365))) -> 1.6471644 | V59: =IF(ISBLANK(LSP_All[[#This Row],[M5+]]),"",ABS(LSP_All[[#This Row],[M5+]]-('statistics-M5'!$J68/365))) -> 1.5487397 | W59: =IF(ISBLANK(LSP_All[[#This Row],[M6+]]),"",ABS(LSP_All[[#This Row],[M6+]]-('statistics-M6'!$J68/365))) -> 3.6330822 | X59: =IF(ISBLANK(LSP_All[[#This Row],[M7+]]),"",ABS(LSP_All[[#This Row],[M7+]]-('statistics-M7'!$J68/365))) -> 7.9791233 | Y59: =IF(ISBLANK(LSP_All[[#This Row],[M8+]]),"",ABS(LSP_All[[#This Row],[M8+]]-('statistics-M8'!$J68/365)))
A60: Algeria | B60: 1 | C60: 3.073 | D60: 4.532 | I60: =IF(ISBLANK(LSP_All[[#This Row],[M4+]]),"",ABS(LSP_All[[#This Row],[M4+]]-('statistics-M4'!$I70/365))) -> 0.69018037 | J60: =IF(ISBLANK(LSP_All[[#This Row],[M5+]]),"",ABS(LSP_All[[#This Row],[M5+]]-('statistics-M5'!$I70/365))) -> 0.1539589 | K60: =IF(ISBLANK(LSP_All[[#This Row],[M6+]]),"",ABS(LSP_All[[#This Row],[M6+]]-('statistics-M6'!$I70/365))) | L60: =IF(ISBLANK(LSP_All[[#This Row],[M7+]]),"",ABS(LSP_All[[#This Row],[M7+]]-('statistics-M7'!$I70/365))) | M60: =IF(ISBLANK(LSP_All[[#This Row],[M8+]]),"",ABS(LSP_All[[#This Row],[M8+]]-('statistics-M8'!$I70/365))) | O60: =IF(ISBLANK(LSP_All[[#This Row],[M4+]]),"",ABS(LSP_All[[#This Row],[M4+]]-('statistics-M4'!$F70/365))) -> 2.4812192 | P60: =IF(ISBLANK(LSP_All[[#This Row],[M5+]]),"",ABS(LSP_All[[#This Row],[M5+]]-('statistics-M5'!$F70/365))) -> 4.0278904 | Q60: =IF(ISBLANK(LSP_All[[#This Row],[M6+]]),"",ABS(LSP_All[[#This Row],[M6+]]-('statistics-M6'!$F70/365))) | R60: =IF(ISBLANK(LSP_All[[#This Row],[M7+]]),"",ABS(LSP_All[[#This Row],[M7+]]-('statistics-M7'!$F70/365))) | S60: =IF(ISBLANK(LSP_All[[#This Row],[M8+]]),"",ABS(LSP_All[[#This Row],[M8+]]-('statistics-M8'!$F70/365))) | U60: =IF(ISBLANK(LSP_All[[#This Row],[M4+]]),"",ABS(LSP_All[[#This Row],[M4+]]-('statistics-M4'!$J70/365))) -> 2.0510822 | V60: =IF(ISBLANK(LSP_All[[#This Row],[M5+]]),"",ABS(LSP_All[[#This Row],[M5+]]-('statistics-M5'!$J70/365))) -> 1.9128219 | W60: =IF(ISBLANK(LSP_All[[#This Row],[M6+]]),"",ABS(LSP_All[[#This Row],[M6+]]-('statistics-M6'!$J70/365))) | X60: =IF(ISBLANK(LSP_All[[#This Row],[M7+]]),"",ABS(LSP_All[[#This Row],[M7+]]-('statistics-M7'!$J70/365))) | Y60: =IF(ISBLANK(LSP_All[[#This Row],[M8+]]),"",ABS(LSP_All[[#This Row],[M8+]]-('statistics-M8'!$J70/365)))
A61: Algeria | B61: 2 | C61: 7.306 | D61: 13.451 | I61: =IF(ISBLANK(LSP_All[[#This Row],[M4+]]),"",ABS(LSP_All[[#This Row],[M4+]]-('statistics-M4'!$I71/365))) -> 3.2107671 | J61: =IF(ISBLANK(LSP_All[[#This Row],[M5+]]),"",ABS(LSP_All[[#This Row],[M5+]]-('statistics-M5'!$I71/365))) -> 6.1380841 | K61: =IF(ISBLANK(LSP_All[[#This Row],[M6+]]),"",ABS(LSP_All[[#This Row],[M6+]]-('statistics-M6'!$I71/365))) | L61: =IF(ISBLANK(LSP_All[[#This Row],[M7+]]),"",ABS(LSP_All[[#This Row],[M7+]]-('statistics-M7'!$I71/365))) | M61: =IF(ISBLANK(LSP_All[[#This Row],[M8+]]),"",ABS(LSP_All[[#This Row],[M8+]]-('statistics-M8'!$I71/365))) | O61: =IF(ISBLANK(LSP_All[[#This Row],[M4+]]),"",ABS(LSP_All[[#This Row],[M4+]]-('statistics-M4'!$F71/365))) -> 6.796411 | P61: =IF(ISBLANK(LSP_All[[#This Row],[M5+]]),"",ABS(LSP_All[[#This Row],[M5+]]-('statistics-M5'!$F71/365))) -> 12.75511 | Q61: =IF(ISBLANK(LSP_All[[#This Row],[M6+]]),"",ABS(LSP_All[[#This Row],[M6+]]-('statistics-M6'!$F71/365))) | R61: =IF(ISBLANK(LSP_All[[#This Row],[M7+]]),"",ABS(LSP_All[[#This Row],[M7+]]-('statistics-M7'!$F71/365))) | S61: =IF(ISBLANK(LSP_All[[#This Row],[M8+]]),"",ABS(LSP_All[[#This Row],[M8+]]-('statistics-M8'!$F71/365))) | U61: =IF(ISBLANK(LSP_All[[#This Row],[M4+]]),"",ABS(LSP_All[[#This Row],[M4+]]-('statistics-M4'!$J71/365))) -> 5.7991507 | V61: =IF(ISBLANK(LSP_All[[#This Row],[M5+]]),"",ABS(LSP_All[[#This Row],[M5+]]-('statistics-M5'!$J71/365))) -> 9.9099041 | W61: =IF(ISBLANK(LSP_All[[#This Row],[M6+]]),"",ABS(LSP_All[[#This Row],[M6+]]-('statistics-M6'!$J71/365))) | X61: =IF(ISBLANK(LSP_All[[#This Row],[M7+]]),"",ABS(LSP_All[[#This Row],[M7+]]-('statistics-M7'!$J71/365))) | Y61: =IF(ISBLANK(LSP_All[[#This Row],[M8+]]),"",ABS(LSP_All[[#This Row],[M8+]]-('statistics-M8'!$J71/365)))
A62: Algeria | B62: 3 | C62: 9.123 | I62: =IF(ISBLANK(LSP_All[[#This Row],[M4+]]),"",ABS(LSP_All[[#This Row],[M4+]]-('statistics-M4'!$I72/365))) -> 4.252289 | J62: =IF(ISBLANK(LSP_All[[#This Row],[M5+]]),"",ABS(LSP_All[[#This Row],[M5+]]-('statistics-M5'!$I72/365))) | K62: =IF(ISBLANK(LSP_All[[#This Row],[M6+]]),"",ABS(LSP_All[[#This Row],[M6+]]-('statistics-M6'!$I72/365))) | L62: =IF(ISBLANK(LSP_All[[#This Row],[M7+]]),"",ABS(LSP_All[[#This Row],[M7+]]-('statistics-M7'!$I72/365))) | M62: =IF(ISBLANK(LSP_All[[#This Row],[M8+]]),"",ABS(LSP_All[[#This Row],[M8+]]-('statistics-M8'!$I72/365))) | O62: =IF(ISBLANK(LSP_All[[#This Row],[M4+]]),"",ABS(LSP_All[[#This Row],[M4+]]-('statistics-M4'!$F72/365))) -> 8.5010822 | P62: =IF(ISBLANK(LSP_All[[#This Row],[M5+]]),"",ABS(LSP_All[[#This Row],[M5+]]-('statistics-M5'!$F72/365))) | Q62: =IF(ISBLANK(LSP_All[[#This Row],[M6+]]),"",ABS(LSP_All[[#This Row],[M6+]]-('statistics-M6'!$F72/365))) | R62: =IF(ISBLANK(LSP_All[[#This Row],[M7+]]),"",ABS(LSP_All[[#This Row],[M7+]]-('statistics-M7'!$F72/365))) | S62: =IF(ISBLANK(LSP_All[[#This Row],[M8+]]),"",ABS(LSP_All[[#This Row],[M8+]]-('statistics-M8'!$F72/365))) | U62: =IF(ISBLANK(LSP_All[[#This Row],[M4+]]),"",ABS(LSP_All[[#This Row],[M4+]]-('statistics-M4'!$J72/365))) -> 6.7175205 | V62: =IF(ISBLANK(LSP_All[[#This Row],[M5+]]),"",ABS(LSP_All[[#This Row],[M5+]]-('statistics-M5'!$J72/365))) | W62: =IF(ISBLANK(LSP_All[[#This Row],[M6+]]),"",ABS(LSP_All[[#This Row],[M6+]]-('statistics-M6'!$J72/365))) | X62: =IF(ISBLANK(LSP_All[[#This Row],[M7+]]),"",ABS(LSP_All[[#This Row],[M7+]]-('statistics-M7'!$J72/365))) | Y62: =IF(ISBLANK(LSP_All[[#This Row],[M8+]]),"",ABS(LSP_All[[#This Row],[M8+]]-('statistics-M8'!$J72/365)))
A63: Somalia | B63: 1 | C63: 1.432 | D63: 2.077 | I63: =IF(ISBLANK(LSP_All[[#This Row],[M4+]]),"",ABS(LSP_All[[#This Row],[M4+]]-('statistics-M4'!$I73/365))) -> 0.37823288 | J63: =IF(ISBLANK(LSP_All[[#This Row],[M5+]]),"",ABS(LSP_All[[#This Row],[M5+]]-('statistics-M5'!$I73/365))) -> 0.52408003 | K63: =IF(ISBLANK(LSP_All[[#This Row],[M6+]]),"",ABS(LSP_All[[#This Row],[M6+]]-('statistics-M6'!$I73/365))) | L63: =IF(ISBLANK(LSP_All[[#This Row],[M7+]]),"",ABS(LSP_All[[#This Row],[M7+]]-('statistics-M7'!$I73/365))) | M63: =IF(ISBLANK(LSP_All[[#This Row],[M8+]]),"",ABS(LSP_All[[#This Row],[M8+]]-('statistics-M8'!$I73/365))) | O63: =IF(ISBLANK(LSP_All[[#This Row],[M4+]]),"",ABS(LSP_All[[#This Row],[M4+]]-('statistics-M4'!$F73/365))) -> 0.93063014 | P63: =IF(ISBLANK(LSP_All[[#This Row],[M5+]]),"",ABS(LSP_All[[#This Row],[M5+]]-('statistics-M5'!$F73/365))) -> 1.5783699 | Q63: =IF(ISBLANK(LSP_All[[#This Row],[M6+]]),"",ABS(LSP_All[[#This Row],[M6+]]-('statistics-M6'!$F73/365))) | R63: =IF(ISBLANK(LSP_All[[#This Row],[M7+]]),"",ABS(LSP_All[[#This Row],[M7+]]-('statistics-M7'!$F73/365))) | S63: =IF(ISBLANK(LSP_All[[#This Row],[M8+]]),"",ABS(LSP_All[[#This Row],[M8+]]-('statistics-M8'!$F73/365))) | U63: =IF(ISBLANK(LSP_All[[#This Row],[M4+]]),"",ABS(LSP_All[[#This Row],[M4+]]-('statistics-M4'!$J73/365))) -> 0.57720548 | V63: =IF(ISBLANK(LSP_All[[#This Row],[M5+]]),"",ABS(LSP_All[[#This Row],[M5+]]-('statistics-M5'!$J73/365))) -> 0.98932877 | W63: =IF(ISBLANK(LSP_All[[#This Row],[M6+]]),"",ABS(LSP_All[[#This Row],[M6+]]-('statistics-M6'!$J73/365))) | X63: =IF(ISBLANK(LSP_All[[#This Row],[M7+]]),"",ABS(LSP_All[[#This Row],[M7+]]-('statistics-M7'!$J73/365))) | Y63: =IF(ISBLANK(LSP_All[[#This Row],[M8+]]),"",ABS(LSP_All[[#This Row],[M8+]]-('statistics-M8'!$J73/365)))
A64: Somalia | B64: 2 | C64: 5.504 | D64: 5.387 | I64: =IF(ISBLANK(LSP_All[[#This Row],[M4+]]),"",ABS(LSP_All[[#This Row],[M4+]]-('statistics-M4'!$I74/365))) -> 2.8370209 | J64: =IF(ISBLANK(LSP_All[[#This Row],[M5+]]),"",ABS(LSP_All[[#This Row],[M5+]]-('statistics-M5'!$I74/365))) -> 1.3331918 | K64: =IF(ISBLANK(LSP_All[[#This Row],[M6+]]),"",ABS(LSP_All[[#This Row],[M6+]]-('statistics-M6'!$I74/365))) | L64: =IF(ISBLANK(LSP_All[[#This Row],[M7+]]),"",ABS(LSP_All[[#This Row],[M7+]]-('statistics-M7'!$I74/365))) | M64: =IF(ISBLANK(LSP_All[[#This Row],[M8+]]),"",ABS(LSP_All[[#This Row],[M8+]]-('statistics-M8'!$I74/365))) | O64: =IF(ISBLANK(LSP_All[[#This Row],[M4+]]),"",ABS(LSP_All[[#This Row],[M4+]]-('statistics-M4'!$F74/365))) -> 4.9861918 | P64: =IF(ISBLANK(LSP_All[[#This Row],[M5+]]),"",ABS(LSP_All[[#This Row],[M5+]]-('statistics-M5'!$F74/365))) -> 4.8554932 | Q64: =IF(ISBLANK(LSP_All[[#This Row],[M6+]]),"",ABS(LSP_All[[#This Row],[M6+]]-('statistics-M6'!$F74/365))) | R64: =IF(ISBLANK(LSP_All[[#This Row],[M7+]]),"",ABS(LSP_All[[#This Row],[M7+]]-('statistics-M7'!$F74/365))) | S64: =IF(ISBLANK(LSP_All[[#This Row],[M8+]]),"",ABS(LSP_All[[#This Row],[M8+]]-('statistics-M8'!$F74/365))) | U64: =IF(ISBLANK(LSP_All[[#This Row],[M4+]]),"",ABS(LSP_All[[#This Row],[M4+]]-('statistics-M4'!$J74/365))) -> 4.413589 | V64: =IF(ISBLANK(LSP_All[[#This Row],[M5+]]),"",ABS(LSP_All[[#This Row],[M5+]]-('statistics-M5'!$J74/365))) -> 4.0637123 | W64: =IF(ISBLANK(LSP_All[[#This Row],[M6+]]),"",ABS(LSP_All[[#This Row],[M6+]]-('statistics-M6'!$J74/365))) | X64: =IF(ISBLANK(LSP_All[[#This Row],[M7+]]),"",ABS(LSP_All[[#This Row],[M7+]]-('statistics-M7'!$J74/365))) | Y64: =IF(ISBLANK(LSP_All[[#This Row],[M8+]]),"",ABS(LSP_All[[#This Row],[M8+]]-('statistics-M8'!$J74/365)))
A65: South Africa | B65: 1 | C65: 1.497 | D65: 7.336 | I65: =IF(ISBLANK(LSP_All[[#This Row],[M4+]]),"",ABS(LSP_All[[#This Row],[M4+]]-('statistics-M4'!$I76/365))) -> 0.51786407 | J65: =IF(ISBLANK(LSP_All[[#This Row],[M5+]]),"",ABS(LSP_All[[#This Row],[M5+]]-('statistics-M5'!$I76/365))) -> 4.2130548 | K65: =IF(ISBLANK(LSP_All[[#This Row],[M6+]]),"",ABS(LSP_All[[#This Row],[M6+]]-('statistics-M6'!$I76/365))) | L65: =IF(ISBLANK(LSP_All[[#This Row],[M7+]]),"",ABS(LSP_All[[#This Row],[M7+]]-('statistics-M7'!$I76/365))) | M65: =IF(ISBLANK(LSP_All[[#This Row],[M8+]]),"",ABS(LSP_All[[#This Row],[M8+]]-('statistics-M8'!$I76/365))) | O65: =IF(ISBLANK(LSP_All[[#This Row],[M4+]]),"",ABS(LSP_All[[#This Row],[M4+]]-('statistics-M4'!$F76/365))) -> 0.86960274 | P65: =IF(ISBLANK(LSP_All[[#This Row],[M5+]]),"",ABS(LSP_All[[#This Row],[M5+]]-('statistics-M5'!$F76/365))) -> 6.6565479 | Q65: =IF(ISBLANK(LSP_All[[#This Row],[M6+]]),"",ABS(LSP_All[[#This Row],[M6+]]-('statistics-M6'!$F76/365))) | R65: =IF(ISBLANK(LSP_All[[#This Row],[M7+]]),"",ABS(LSP_All[[#This Row],[M7+]]-('statistics-M7'!$F76/365))) | S65: =IF(ISBLANK(LSP_All[[#This Row],[M8+]]),"",ABS(LSP_All[[#This Row],[M8+]]-('statistics-M8'!$F76/365))) | U65: =IF(ISBLANK(LSP_All[[#This Row],[M4+]]),"",ABS(LSP_All[[#This Row],[M4+]]-('statistics-M4'!$J76/365))) -> 0.61480822 | V65: =IF(ISBLANK(LSP_All[[#This Row],[M5+]]),"",ABS(LSP_All[[#This Row],[M5+]]-('statistics-M5'!$J76/365))) -> 5.096274 | W65: =IF(ISBLANK(LSP_All[[#This Row],[M6+]]),"",ABS(LSP_All[[#This Row],[M6+]]-('statistics-M6'!$J76/365))) | X65: =IF(ISBLANK(LSP_All[[#This Row],[M7+]]),"",ABS(LSP_All[[#This Row],[M7+]]-('statistics-M7'!$J76/365))) | Y65: =IF(ISBLANK(LSP_All[[#This Row],[M8+]]),"",ABS(LSP_All[[#This Row],[M8+]]-('statistics-M8'!$J76/365)))
A66: South Africa | B66: 2 | C66: 2.338 | D66: 2.577 | I66: =IF(ISBLANK(LSP_All[[#This Row],[M4+]]),"",ABS(LSP_All[[#This Row],[M4+]]-('statistics-M4'!$I77/365))) -> 1.3304131 | J66: =IF(ISBLANK(LSP_All[[#This Row],[M5+]]),"",ABS(LSP_All[[#This Row],[M5+]]-('statistics-M5'!$I77/365))) -> 1.2544148 | K66: =IF(ISBLANK(LSP_All[[#This Row],[M6+]]),"",ABS(LSP_All[[#This Row],[M6+]]-('statistics-M6'!$I77/365))) | L66: =IF(ISBLANK(LSP_All[[#This Row],[M7+]]),"",ABS(LSP_All[[#This Row],[M7+]]-('statistics-M7'!$I77/365))) | M66: =IF(ISBLANK(LSP_All[[#This Row],[M8+]]),"",ABS(LSP_All[[#This Row],[M8+]]-('statistics-M8'!$I77/365))) | O66: =IF(ISBLANK(LSP_All[[#This Row],[M4+]]),"",ABS(LSP_All[[#This Row],[M4+]]-('statistics-M4'!$F77/365))) -> 1.7434795 | P66: =IF(ISBLANK(LSP_All[[#This Row],[M5+]]),"",ABS(LSP_All[[#This Row],[M5+]]-('statistics-M5'!$F77/365))) -> 1.8893288 | Q66: =IF(ISBLANK(LSP_All[[#This Row],[M6+]]),"",ABS(LSP_All[[#This Row],[M6+]]-('statistics-M6'!$F77/365))) | R66: =IF(ISBLANK(LSP_All[[#This Row],[M7+]]),"",ABS(LSP_All[[#This Row],[M7+]]-('statistics-M7'!$F77/365))) | S66: =IF(ISBLANK(LSP_All[[#This Row],[M8+]]),"",ABS(LSP_All[[#This Row],[M8+]]-('statistics-M8'!$F77/365))) | U66: =IF(ISBLANK(LSP_All[[#This Row],[M4+]]),"",ABS(LSP_All[[#This Row],[M4+]]-('statistics-M4'!$J77/365))) -> 1.5201918 | V66: =IF(ISBLANK(LSP_All[[#This Row],[M5+]]),"",ABS(LSP_All[[#This Row],[M5+]]-('statistics-M5'!$J77/365))) -> 1.577 | W66: =IF(ISBLANK(LSP_All[[#This Row],[M6+]]),"",ABS(LSP_All[[#This Row],[M6+]]-('statistics-M6'!$J77/365))) | X66: =IF(ISBLANK(LSP_All[[#This Row],[M7+]]),"",ABS(LSP_All[[#This Row],[M7+]]-('statistics-M7'!$J77/365))) | Y66: =IF(ISBLANK(LSP_All[[#This Row],[M8+]]),"",ABS(LSP_All[[#This Row],[M8+]]-('statistics-M8'!$J77/365)))
A67: South Africa | B67: 3 | C67: 1.661 | D67: 2.877 | I67: =IF(ISBLANK(LSP_All[[#This Row],[M4+]]),"",ABS(LSP_All[[#This Row],[M4+]]-('statistics-M4'!$I78/365))) -> 0.31420836 | J67: =IF(ISBLANK(LSP_All[[#This Row],[M5+]]),"",ABS(LSP_All[[#This Row],[M5+]]-('statistics-M5'!$I78/365))) -> 0.78310212 | K67: =IF(ISBLANK(LSP_All[[#This Row],[M6+]]),"",ABS(LSP_All[[#This Row],[M6+]]-('statistics-M6'!$I78/365))) | L67: =IF(ISBLANK(LSP_All[[#This Row],[M7+]]),"",ABS(LSP_All[[#This Row],[M7+]]-('statistics-M7'!$I78/365))) | M67: =IF(ISBLANK(LSP_All[[#This Row],[M8+]]),"",ABS(LSP_All[[#This Row],[M8+]]-('statistics-M8'!$I78/365))) | O67: =IF(ISBLANK(LSP_All[[#This Row],[M4+]]),"",ABS(LSP_All[[#This Row],[M4+]]-('statistics-M4'!$F78/365))) -> 0.67469863 | P67: =IF(ISBLANK(LSP_All[[#This Row],[M5+]]),"",ABS(LSP_All[[#This Row],[M5+]]-('statistics-M5'!$F78/365))) -> 2.3811096 | Q67: =IF(ISBLANK(LSP_All[[#This Row],[M6+]]),"",ABS(LSP_All[[#This Row],[M6+]]-('statistics-M6'!$F78/365))) | R67: =IF(ISBLANK(LSP_All[[#This Row],[M7+]]),"",ABS(LSP_All[[#This Row],[M7+]]-('statistics-M7'!$F78/365))) | S67: =IF(ISBLANK(LSP_All[[#This Row],[M8+]]),"",ABS(LSP_All[[#This Row],[M8+]]-('statistics-M8'!$F78/365))) | U67: =IF(ISBLANK(LSP_All[[#This Row],[M4+]]),"",ABS(LSP_All[[#This Row],[M4+]]-('statistics-M4'!$J78/365))) -> 0.66647945 | V67: =IF(ISBLANK(LSP_All[[#This Row],[M5+]]),"",ABS(LSP_All[[#This Row],[M5+]]-('statistics-M5'!$J78/365))) -> 1.3030274 | W67: =IF(ISBLANK(LSP_All[[#This Row],[M6+]]),"",ABS(LSP_All[[#This Row],[M6+]]-('statistics-M6'!$J78/365))) | X67: =IF(ISBLANK(LSP_All[[#This Row],[M7+]]),"",ABS(LSP_All[[#This Row],[M7+]]-('statistics-M7'!$J78/365))) | Y67: =IF(ISBLANK(LSP_All[[#This Row],[M8+]]),"",ABS(LSP_All[[#This Row],[M8+]]-('statistics-M8'!$J78/365)))
A68: Saint Helena | B68: 1 | C68: 3.322 | D68: 3.322 | I68: =IF(ISBLANK(LSP_All[[#This Row],[M4+]]),"",ABS(LSP_All[[#This Row],[M4+]]-('statistics-M4'!$I79/365))) -> 1.5029661 | J68: =IF(ISBLANK(LSP_All[[#This Row],[M5+]]),"",ABS(LSP_All[[#This Row],[M5+]]-('statistics-M5'!$I79/365))) -> 1.328059 | K68: =IF(ISBLANK(LSP_All[[#This Row],[M6+]]),"",ABS(LSP_All[[#This Row],[M6+]]-('statistics-M6'!$I79/365))) | L68: =IF(ISBLANK(LSP_All[[#This Row],[M7+]]),"",ABS(LSP_All[[#This Row],[M7+]]-('statistics-M7'!$I79/365))) | M68: =IF(ISBLANK(LSP_All[[#This Row],[M8+]]),"",ABS(LSP_All[[#This Row],[M8+]]-('statistics-M8'!$I79/365))) | O68: =IF(ISBLANK(LSP_All[[#This Row],[M4+]]),"",ABS(LSP_All[[#This Row],[M4+]]-('statistics-M4'!$F79/365))) -> 2.812411 | P68: =IF(ISBLANK(LSP_All[[#This Row],[M5+]]),"",ABS(LSP_All[[#This Row],[M5+]]-('statistics-M5'!$F79/365))) -> 2.812411 | Q68: =IF(ISBLANK(LSP_All[[#This Row],[M6+]]),"",ABS(LSP_All[[#This Row],[M6+]]-('statistics-M6'!$F79/365))) | R68: =IF(ISBLANK(LSP_All[[#This Row],[M7+]]),"",ABS(LSP_All[[#This Row],[M7+]]-('statistics-M7'!$F79/365))) | S68: =IF(ISBLANK(LSP_All[[#This Row],[M8+]]),"",ABS(LSP_All[[#This Row],[M8+]]-('statistics-M8'!$F79/365))) | U68: =IF(ISBLANK(LSP_All[[#This Row],[M4+]]),"",ABS(LSP_All[[#This Row],[M4+]]-('statistics-M4'!$J79/365))) -> 2.3493973 | V68: =IF(ISBLANK(LSP_All[[#This Row],[M5+]]),"",ABS(LSP_All[[#This Row],[M5+]]-('statistics-M5'!$J79/365))) -> 2.3699452 | W68: =IF(ISBLANK(LSP_All[[#This Row],[M6+]]),"",ABS(LSP_All[[#This Row],[M6+]]-('statistics-M6'!$J79/365))) | X68: =IF(ISBLANK(LSP_All[[#This Row],[M7+]]),"",ABS(LSP_All[[#This Row],[M7+]]-('statistics-M7'!$J79/365))) | Y68: =IF(ISBLANK(LSP_All[[#This Row],[M8+]]),"",ABS(LSP_All[[#This Row],[M8+]]-('statistics-M8'!$J79/365)))
A69: Saint Helena | B69: 2 | C69: 4.01 | D69: 7.542 | I69: =IF(ISBLANK(LSP_All[[#This Row],[M4+]]),"",ABS(LSP_All[[#This Row],[M4+]]-('statistics-M4'!$I80/365))) -> 0.27105023 | J69: =IF(ISBLANK(LSP_All[[#This Row],[M5+]]),"",ABS(LSP_All[[#This Row],[M5+]]-('statistics-M5'!$I80/365))) -> 2.8717634 | K69: =IF(ISBLANK(LSP_All[[#This Row],[M6+]]),"",ABS(LSP_All[[#This Row],[M6+]]-('statistics-M6'!$I80/365))) | L69: =IF(ISBLANK(LSP_All[[#This Row],[M7+]]),"",ABS(LSP_All[[#This Row],[M7+]]-('statistics-M7'!$I80/365))) | M69: =IF(ISBLANK(LSP_All[[#This Row],[M8+]]),"",ABS(LSP_All[[#This Row],[M8+]]-('statistics-M8'!$I80/365))) | O69: =IF(ISBLANK(LSP_All[[#This Row],[M4+]]),"",ABS(LSP_All[[#This Row],[M4+]]-('statistics-M4'!$F80/365))) -> 3.2072603 | P69: =IF(ISBLANK(LSP_All[[#This Row],[M5+]]),"",ABS(LSP_All[[#This Row],[M5+]]-('statistics-M5'!$F80/365))) -> 6.7392603 | Q69: =IF(ISBLANK(LSP_All[[#This Row],[M6+]]),"",ABS(LSP_All[[#This Row],[M6+]]-('statistics-M6'!$F80/365))) | R69: =IF(ISBLANK(LSP_All[[#This Row],[M7+]]),"",ABS(LSP_All[[#This Row],[M7+]]-('statistics-M7'!$F80/365))) | S69: =IF(ISBLANK(LSP_All[[#This Row],[M8+]]),"",ABS(LSP_All[[#This Row],[M8+]]-('statistics-M8'!$F80/365))) | U69: =IF(ISBLANK(LSP_All[[#This Row],[M4+]]),"",ABS(LSP_All[[#This Row],[M4+]]-('statistics-M4'!$J80/365))) -> 0.17438356 | V69: =IF(ISBLANK(LSP_All[[#This Row],[M5+]]),"",ABS(LSP_All[[#This Row],[M5+]]-('statistics-M5'!$J80/365))) -> 2.9310411 | W69: =IF(ISBLANK(LSP_All[[#This Row],[M6+]]),"",ABS(LSP_All[[#This Row],[M6+]]-('statistics-M6'!$J80/365))) | X69: =IF(ISBLANK(LSP_All[[#This Row],[M7+]]),"",ABS(LSP_All[[#This Row],[M7+]]-('statistics-M7'!$J80/365))) | Y69: =IF(ISBLANK(LSP_All[[#This Row],[M8+]]),"",ABS(LSP_All[[#This Row],[M8+]]-('statistics-M8'!$J80/365)))
H70: AVG | I70: =ROUND(AVERAGE(I2:I69),3) -> 0.93 | J70: =ROUND(AVERAGE(J2:J69),3) -> 0.817 | K70: =ROUND(AVERAGE(K2:K69),3) -> 1.819 | L70: =ROUND(AVERAGE(L2:L69),3) -> 1.659 | M70: =ROUND(AVERAGE(M2:M69),3) -> 4.013 | O70: =ROUND(AVERAGE(O2:O69),3) -> 2.084 | P70: =ROUND(AVERAGE(P2:P69),3) -> 2.133 | Q70: =ROUND(AVERAGE(Q2:Q69),3) -> 4.119 | R70: =ROUND(AVERAGE(R2:R69),3) -> 4.454 | S70: =ROUND(AVERAGE(S2:S69),3) -> 13.726 | U70: =ROUND(AVERAGE(U2:U69),3) -> 1.652 | V70: =ROUND(AVERAGE(V2:V69),3) -> 1.489 | W70: =ROUND(AVERAGE(W2:W69),3) -> 2.704 | X70: =ROUND(AVERAGE(X2:X69),3) -> 2.48 | Y70: =ROUND(AVERAGE(Y2:Y69),3) -> 5.669

Sheet NFFT_All
A1: country | B1: cluster_id | C1: M4+ | D1: M5+ | E1: M6+ | F1: M7+ | G1: M8+ | I1: M4-NFFT-mean | J1: M5-NFFT-mean | K1: M6-NFFT-mean | L1: M7-NFFT-mean | M1: M8-NFFT-mean | O1: M4-NFFT-mode | P1: M5-NFFT-mode | Q1: M6-NFFT-mode | R1: M7-NFFT-mode | S1: M8-NFFT-mode | U1: M4-NFFT-med | V1: M5-NFFT-med | W1: M6-NFFT-med | X1: M7-NFFT-med | Y1: M8-NFFT-med
A2: Japan | B2: 1 | C2: 1.541 | D2: 1.541 | E2: 1.833 | F2: 2.587 | I2: =IF(ISBLANK(NFFT_All[[#This Row],[M4+]]),"",ABS(NFFT_All[[#This Row],[M4+]]-(statistics_M4[[#This Row],[mean_gap]]/365))) -> 0.65815682 | J2: =IF(ISBLANK(NFFT_All[[#This Row],[M5+]]),"",ABS(NFFT_All[[#This Row],[M5+]]-(statistics_M5[[#This Row],[mean_gap]]/365))) -> 0.65815682 | K2: =IF(ISBLANK(NFFT_All[[#This Row],[M6+]]),"",ABS(NFFT_All[[#This Row],[M6+]]-(statistics_M6[[#This Row],[mean_gap]]/365))) -> 0.93540705 | L2: =IF(ISBLANK(NFFT_All[[#This Row],[M7+]]),"",ABS(NFFT_All[[#This Row],[M7+]]-(statistics_M7[[#This Row],[mean_gap]]/365))) -> 0.79181409 | M2: =IF(ISBLANK(NFFT_All[[#This Row],[M8+]]),"",ABS(NFFT_All[[#This Row],[M8+]]-(statistics_M8[[#This Row],[mean_gap]]/365))) -> #VALUE! | O2: =IF(ISBLANK(NFFT_All[[#This Row],[M4+]]),"",ABS(NFFT_All[[#This Row],[M4+]]-(statistics_M4[[#This Row],[exact_mode]]/365))) -> 1.0094932 | P2: =IF(ISBLANK(NFFT_All[[#This Row],[M5+]]),"",ABS(NFFT_All[[#This Row],[M5+]]-(statistics_M5[[#This Row],[exact_mode]]/365))) -> 1.0094932 | Q2: =IF(ISBLANK(NFFT_All[[#This Row],[M6+]]),"",ABS(NFFT_All[[#This Row],[M6+]]-(statistics_M6[[#This Row],[exact_mode]]/365))) -> 1.3014932 | R2: =IF(ISBLANK(NFFT_All[[#This Row],[M7+]]),"",ABS(NFFT_All[[#This Row],[M7+]]-(statistics_M7[[#This Row],[exact_mode]]/365))) -> 2.0527534 | S2: =IF(ISBLANK(NFFT_All[[#This Row],[M8+]]),"",ABS(NFFT_All[[#This Row],[M8+]]-(statistics_M8[[#This Row],[exact_mode]]/365))) -> #VALUE! | U2: =IF(ISBLANK(NFFT_All[[#This Row],[M4+]]),"",ABS(NFFT_All[[#This Row],[M4+]]-(statistics_M4[[#This Row],[median_gap]]/365))) -> 0.7300411 | V2: =IF(ISBLANK(NFFT_All[[#This Row],[M5+]]),"",ABS(NFFT_All[[#This Row],[M5+]]-(statistics_M5[[#This Row],[median_gap]]/365))) -> 0.7300411 | W2: =IF(ISBLANK(NFFT_All[[#This Row],[M6+]]),"",ABS(NFFT_All[[#This Row],[M6+]]-(statistics_M6[[#This Row],[median_gap]]/365))) -> 1.0083425 | X2: =IF(ISBLANK(NFFT_All[[#This Row],[M7+]]),"",ABS(NFFT_All[[#This Row],[M7+]]-(statistics_M7[[#This Row],[median_gap]]/365))) -> 1.2883699 | Y2: =IF(ISBLANK(NFFT_All[[#This Row],[M8+]]),"",ABS(NFFT_All[[#This Row],[M8+]]-(statistics_M8[[#This Row],[median_gap]]/365))) -> #VALUE!
A3: Japan | B3: 2 | C3: 1.506 | D3: 1.506 | E3: 2.743 | I3: =IF(ISBLANK(NFFT_All[[#This Row],[M4+]]),"",ABS(NFFT_All[[#This Row],[M4+]]-(statistics_M4[[#This Row],[mean_gap]]/365))) -> 0.53615822 | J3: =IF(ISBLANK(NFFT_All[[#This Row],[M5+]]),"",ABS(NFFT_All[[#This Row],[M5+]]-(statistics_M5[[#This Row],[mean_gap]]/365))) -> 0.53615822 | K3: =IF(ISBLANK(NFFT_All[[#This Row],[M6+]]),"",ABS(NFFT_All[[#This Row],[M6+]]-(statistics_M6[[#This Row],[mean_gap]]/365))) -> 1.6455475 | L3: =IF(ISBLANK(NFFT_All[[#This Row],[M7+]]),"",ABS(NFFT_All[[#This Row],[M7+]]-(statistics_M7[[#This Row],[mean_gap]]/365))) | M3: =IF(ISBLANK(NFFT_All[[#This Row],[M8+]]),"",ABS(NFFT_All[[#This Row],[M8+]]-(statistics_M8[[#This Row],[mean_gap]]/365))) -> #VALUE! | O3: =IF(ISBLANK(NFFT_All[[#This Row],[M4+]]),"",ABS(NFFT_All[[#This Row],[M4+]]-(statistics_M4[[#This Row],[exact_mode]]/365))) -> 0.96353425 | P3: =IF(ISBLANK(NFFT_All[[#This Row],[M5+]]),"",ABS(NFFT_All[[#This Row],[M5+]]-(statistics_M5[[#This Row],[exact_mode]]/365))) -> 0.96353425 | Q3: =IF(ISBLANK(NFFT_All[[#This Row],[M6+]]),"",ABS(NFFT_All[[#This Row],[M6+]]-(statistics_M6[[#This Row],[exact_mode]]/365))) -> 2.2005342 | R3: =IF(ISBLANK(NFFT_All[[#This Row],[M7+]]),"",ABS(NFFT_All[[#This Row],[M7+]]-(statistics_M7[[#This Row],[exact_mode]]/365))) | S3: =IF(ISBLANK(NFFT_All[[#This Row],[M8+]]),"",ABS(NFFT_All[[#This Row],[M8+]]-(statistics_M8[[#This Row],[exact_mode]]/365))) -> #VALUE! | U3: =IF(ISBLANK(NFFT_All[[#This Row],[M4+]]),"",ABS(NFFT_All[[#This Row],[M4+]]-(statistics_M4[[#This Row],[median_gap]]/365))) -> 0.67860274 | V3: =IF(ISBLANK(NFFT_All[[#This Row],[M5+]]),"",ABS(NFFT_All[[#This Row],[M5+]]-(statistics_M5[[#This Row],[median_gap]]/365))) -> 0.67860274 | W3: =IF(ISBLANK(NFFT_All[[#This Row],[M6+]]),"",ABS(NFFT_All[[#This Row],[M6+]]-(statistics_M6[[#This Row],[median_gap]]/365))) -> 1.7484795 | X3: =IF(ISBLANK(NFFT_All[[#This Row],[M7+]]),"",ABS(NFFT_All[[#This Row],[M7+]]-(statistics_M7[[#This Row],[median_gap]]/365))) | Y3: =IF(ISBLANK(NFFT_All[[#This Row],[M8+]]),"",ABS(NFFT_All[[#This Row],[M8+]]-(statistics_M8[[#This Row],[median_gap]]/365))) -> #VALUE!
A4: Japan | B4: 3 | D4: 3.804 | I4: =IF(ISBLANK(NFFT_All[[#This Row],[M4+]]),"",ABS(NFFT_All[[#This Row],[M4+]]-(statistics_M4[[#This Row],[mean_gap]]/365))) | J4: =IF(ISBLANK(NFFT_All[[#This Row],[M5+]]),"",ABS(NFFT_All[[#This Row],[M5+]]-(statistics_M5[[#This Row],[mean_gap]]/365))) -> 2.5368219 | K4: =IF(ISBLANK(NFFT_All[[#This Row],[M6+]]),"",ABS(NFFT_All[[#This Row],[M6+]]-(statistics_M6[[#This Row],[mean_gap]]/365))) | L4: =IF(ISBLANK(NFFT_All[[#This Row],[M7+]]),"",ABS(NFFT_All[[#This Row],[M7+]]-(statistics_M7[[#This Row],[mean_gap]]/365))) | M4: =IF(ISBLANK(NFFT_All[[#This Row],[M8+]]),"",ABS(NFFT_All[[#This Row],[M8+]]-(statistics_M8[[#This Row],[mean_gap]]/365))) -> #VALUE! | O4: =IF(ISBLANK(NFFT_All[[#This Row],[M4+]]),"",ABS(NFFT_All[[#This Row],[M4+]]-(statistics_M4[[#This Row],[exact_mode]]/365))) | P4: =IF(ISBLANK(NFFT_All[[#This Row],[M5+]]),"",ABS(NFFT_All[[#This Row],[M5+]]-(statistics_M5[[#This Row],[exact_mode]]/365))) -> 3.2834521 | Q4: =IF(ISBLANK(NFFT_All[[#This Row],[M6+]]),"",ABS(NFFT_All[[#This Row],[M6+]]-(statistics_M6[[#This Row],[exact_mode]]/365))) | R4: =IF(ISBLANK(NFFT_All[[#This Row],[M7+]]),"",ABS(NFFT_All[[#This Row],[M7+]]-(statistics_M7[[#This Row],[exact_mode]]/365))) | S4: =IF(ISBLANK(NFFT_All[[#This Row],[M8+]]),"",ABS(NFFT_All[[#This Row],[M8+]]-(statistics_M8[[#This Row],[exact_mode]]/365))) -> #VALUE! | U4: =IF(ISBLANK(NFFT_All[[#This Row],[M4+]]),"",ABS(NFFT_All[[#This Row],[M4+]]-(statistics_M4[[#This Row],[median_gap]]/365))) | V4: =IF(ISBLANK(NFFT_All[[#This Row],[M5+]]),"",ABS(NFFT_All[[#This Row],[M5+]]-(statistics_M5[[#This Row],[median_gap]]/365))) -> 1.1165479 | W4: =IF(ISBLANK(NFFT_All[[#This Row],[M6+]]),"",ABS(NFFT_All[[#This Row],[M6+]]-(statistics_M6[[#This Row],[median_gap]]/365))) | X4: =IF(ISBLANK(NFFT_All[[#This Row],[M7+]]),"",ABS(NFFT_All[[#This Row],[M7+]]-(statistics_M7[[#This Row],[median_gap]]/365))) | Y4: =IF(ISBLANK(NFFT_All[[#This Row],[M8+]]),"",ABS(NFFT_All[[#This Row],[M8+]]-(statistics_M8[[#This Row],[median_gap]]/365))) -> #VALUE!
A5: Papua New Guinea | B5: 1 | C5: 2.11 | D5: 2.11 | E5: 2.11 | F5: 2.795 | I5: =IF(ISBLANK(NFFT_All[[#This Row],[M4+]]),"",ABS(NFFT_All[[#This Row],[M4+]]-(statistics_M4[[#This Row],[mean_gap]]/365))) -> 1.2058121 | J5: =IF(ISBLANK(NFFT_All[[#This Row],[M5+]]),"",ABS(NFFT_All[[#This Row],[M5+]]-(statistics_M5[[#This Row],[mean_gap]]/365))) -> 1.2058121 | K5: =IF(ISBLANK(NFFT_All[[#This Row],[M6+]]),"",ABS(NFFT_All[[#This Row],[M6+]]-(statistics_M6[[#This Row],[mean_gap]]/365))) -> 1.2058121 | L5: =IF(ISBLANK(NFFT_All[[#This Row],[M7+]]),"",ABS(NFFT_All[[#This Row],[M7+]]-(statistics_M7[[#This Row],[mean_gap]]/365))) -> 0.98170427 | M5: =IF(ISBLANK(NFFT_All[[#This Row],[M8+]]),"",ABS(NFFT_All[[#This Row],[M8+]]-(statistics_M8[[#This Row],[mean_gap]]/365))) -> #VALUE! | O5: =IF(ISBLANK(NFFT_All[[#This Row],[M4+]]),"",ABS(NFFT_All[[#This Row],[M4+]]-(statistics_M4[[#This Row],[exact_mode]]/365))) -> 1.5182192 | P5: =IF(ISBLANK(NFFT_All[[#This Row],[M5+]]),"",ABS(NFFT_All[[#This Row],[M5+]]-(statistics_M5[[#This Row],[exact_mode]]/365))) -> 1.5182192 | Q5: =IF(ISBLANK(NFFT_All[[#This Row],[M6+]]),"",ABS(NFFT_All[[#This Row],[M6+]]-(statistics_M6[[#This Row],[exact_mode]]/365))) -> 1.5182192 | R5: =IF(ISBLANK(NFFT_All[[#This Row],[M7+]]),"",ABS(NFFT_All[[#This Row],[M7+]]-(statistics_M7[[#This Row],[exact_mode]]/365))) -> 1.7319863 | S5: =IF(ISBLANK(NFFT_All[[#This Row],[M8+]]),"",ABS(NFFT_All[[#This Row],[M8+]]-(statistics_M8[[#This Row],[exact_mode]]/365))) -> #VALUE! | U5: =IF(ISBLANK(NFFT_All[[#This Row],[M4+]]),"",ABS(NFFT_All[[#This Row],[M4+]]-(statistics_M4[[#This Row],[median_gap]]/365))) -> 1.3264384 | V5: =IF(ISBLANK(NFFT_All[[#This Row],[M5+]]),"",ABS(NFFT_All[[#This Row],[M5+]]-(statistics_M5[[#This Row],[median_gap]]/365))) -> 1.3264384 | W5: =IF(ISBLANK(NFFT_All[[#This Row],[M6+]]),"",ABS(NFFT_All[[#This Row],[M6+]]-(statistics_M6[[#This Row],[median_gap]]/365))) -> 1.3264384 | X5: =IF(ISBLANK(NFFT_All[[#This Row],[M7+]]),"",ABS(NFFT_All[[#This Row],[M7+]]-(statistics_M7[[#This Row],[median_gap]]/365))) -> 1.5059589 | Y5: =IF(ISBLANK(NFFT_All[[#This Row],[M8+]]),"",ABS(NFFT_All[[#This Row],[M8+]]-(statistics_M8[[#This Row],[median_gap]]/365))) -> #VALUE!
A6: Papua New Guinea | B6: 2 | C6: 1.231 | D6: 1.277 | I6: =IF(ISBLANK(NFFT_All[[#This Row],[M4+]]),"",ABS(NFFT_All[[#This Row],[M4+]]-(statistics_M4[[#This Row],[mean_gap]]/365))) -> 0.01349693 | J6: =IF(ISBLANK(NFFT_All[[#This Row],[M5+]]),"",ABS(NFFT_All[[#This Row],[M5+]]-(statistics_M5[[#This Row],[mean_gap]]/365))) -> 0.2921483 | K6: =IF(ISBLANK(NFFT_All[[#This Row],[M6+]]),"",ABS(NFFT_All[[#This Row],[M6+]]-(statistics_M6[[#This Row],[mean_gap]]/365))) | L6: =IF(ISBLANK(NFFT_All[[#This Row],[M7+]]),"",ABS(NFFT_All[[#This Row],[M7+]]-(statistics_M7[[#This Row],[mean_gap]]/365))) | M6: =IF(ISBLANK(NFFT_All[[#This Row],[M8+]]),"",ABS(NFFT_All[[#This Row],[M8+]]-(statistics_M8[[#This Row],[mean_gap]]/365))) -> #VALUE! | O6: =IF(ISBLANK(NFFT_All[[#This Row],[M4+]]),"",ABS(NFFT_All[[#This Row],[M4+]]-(statistics_M4[[#This Row],[exact_mode]]/365))) -> 0.73236986 | P6: =IF(ISBLANK(NFFT_All[[#This Row],[M5+]]),"",ABS(NFFT_All[[#This Row],[M5+]]-(statistics_M5[[#This Row],[exact_mode]]/365))) -> 0.70987671 | Q6: =IF(ISBLANK(NFFT_All[[#This Row],[M6+]]),"",ABS(NFFT_All[[#This Row],[M6+]]-(statistics_M6[[#This Row],[exact_mode]]/365))) | R6: =IF(ISBLANK(NFFT_All[[#This Row],[M7+]]),"",ABS(NFFT_All[[#This Row],[M7+]]-(statistics_M7[[#This Row],[exact_mode]]/365))) | S6: =IF(ISBLANK(NFFT_All[[#This Row],[M8+]]),"",ABS(NFFT_All[[#This Row],[M8+]]-(statistics_M8[[#This Row],[exact_mode]]/365))) -> #VALUE! | U6: =IF(ISBLANK(NFFT_All[[#This Row],[M4+]]),"",ABS(NFFT_All[[#This Row],[M4+]]-(statistics_M4[[#This Row],[median_gap]]/365))) -> 0.24058904 | V6: =IF(ISBLANK(NFFT_All[[#This Row],[M5+]]),"",ABS(NFFT_All[[#This Row],[M5+]]-(statistics_M5[[#This Row],[median_gap]]/365))) -> 0.03590411 | W6: =IF(ISBLANK(NFFT_All[[#This Row],[M6+]]),"",ABS(NFFT_All[[#This Row],[M6+]]-(statistics_M6[[#This Row],[median_gap]]/365))) | X6: =IF(ISBLANK(NFFT_All[[#This Row],[M7+]]),"",ABS(NFFT_All[[#This Row],[M7+]]-(statistics_M7[[#This Row],[median_gap]]/365))) | Y6: =IF(ISBLANK(NFFT_All[[#This Row],[M8+]]),"",ABS(NFFT_All[[#This Row],[M8+]]-(statistics_M8[[#This Row],[median_gap]]/365))) -> #VALUE!
A7: Papua New Guinea | B7: 3 | C7: 2.373 | D7: 5.586 | I7: =IF(ISBLANK(NFFT_All[[#This Row],[M4+]]),"",ABS(NFFT_All[[#This Row],[M4+]]-(statistics_M4[[#This Row],[mean_gap]]/365))) -> 0.10730365 | J7: =IF(ISBLANK(NFFT_All[[#This Row],[M5+]]),"",ABS(NFFT_All[[#This Row],[M5+]]-(statistics_M5[[#This Row],[mean_gap]]/365))) -> 2.3128836 | K7: =IF(ISBLANK(NFFT_All[[#This Row],[M6+]]),"",ABS(NFFT_All[[#This Row],[M6+]]-(statistics_M6[[#This Row],[mean_gap]]/365))) | L7: =IF(ISBLANK(NFFT_All[[#This Row],[M7+]]),"",ABS(NFFT_All[[#This Row],[M7+]]-(statistics_M7[[#This Row],[mean_gap]]/365))) | M7: =IF(ISBLANK(NFFT_All[[#This Row],[M8+]]),"",ABS(NFFT_All[[#This Row],[M8+]]-(statistics_M8[[#This Row],[mean_gap]]/365))) -> #VALUE! | O7: =IF(ISBLANK(NFFT_All[[#This Row],[M4+]]),"",ABS(NFFT_All[[#This Row],[M4+]]-(statistics_M4[[#This Row],[exact_mode]]/365))) -> 1.7593014 | P7: =IF(ISBLANK(NFFT_All[[#This Row],[M5+]]),"",ABS(NFFT_All[[#This Row],[M5+]]-(statistics_M5[[#This Row],[exact_mode]]/365))) -> 4.4353151 | Q7: =IF(ISBLANK(NFFT_All[[#This Row],[M6+]]),"",ABS(NFFT_All[[#This Row],[M6+]]-(statistics_M6[[#This Row],[exact_mode]]/365))) | R7: =IF(ISBLANK(NFFT_All[[#This Row],[M7+]]),"",ABS(NFFT_All[[#This Row],[M7+]]-(statistics_M7[[#This Row],[exact_mode]]/365))) | S7: =IF(ISBLANK(NFFT_All[[#This Row],[M8+]]),"",ABS(NFFT_All[[#This Row],[M8+]]-(statistics_M8[[#This Row],[exact_mode]]/365))) -> #VALUE! | U7: =IF(ISBLANK(NFFT_All[[#This Row],[M4+]]),"",ABS(NFFT_All[[#This Row],[M4+]]-(statistics_M4[[#This Row],[median_gap]]/365))) -> 1.2401233 | V7: =IF(ISBLANK(NFFT_All[[#This Row],[M5+]]),"",ABS(NFFT_All[[#This Row],[M5+]]-(statistics_M5[[#This Row],[median_gap]]/365))) -> 4.1010685 | W7: =IF(ISBLANK(NFFT_All[[#This Row],[M6+]]),"",ABS(NFFT_All[[#This Row],[M6+]]-(statistics_M6[[#This Row],[median_gap]]/365))) | X7: =IF(ISBLANK(NFFT_All[[#This Row],[M7+]]),"",ABS(NFFT_All[[#This Row],[M7+]]-(statistics_M7[[#This Row],[median_gap]]/365))) | Y7: =IF(ISBLANK(NFFT_All[[#This Row],[M8+]]),"",ABS(NFFT_All[[#This Row],[M8+]]-(statistics_M8[[#This Row],[median_gap]]/365))) -> #VALUE!
A8: Philippines | B8: 1 | C8: 1.602 | D8: 1.602 | E8: 1.592 | F8: 2.491 | I8: =IF(ISBLANK(NFFT_All[[#This Row],[M4+]]),"",ABS(NFFT_All[[#This Row],[M4+]]-(statistics_M4[[#This Row],[mean_gap]]/365))) -> 0.73696956 | J8: =IF(ISBLANK(NFFT_All[[#This Row],[M5+]]),"",ABS(NFFT_All[[#This Row],[M5+]]-(statistics_M5[[#This Row],[mean_gap]]/365))) -> 0.73696956 | K8: =IF(ISBLANK(NFFT_All[[#This Row],[M6+]]),"",ABS(NFFT_All[[#This Row],[M6+]]-(statistics_M6[[#This Row],[mean_gap]]/365))) -> 0.68935954 | L8: =IF(ISBLANK(NFFT_All[[#This Row],[M7+]]),"",ABS(NFFT_All[[#This Row],[M7+]]-(statistics_M7[[#This Row],[mean_gap]]/365))) -> 0.51378756 | M8: =IF(ISBLANK(NFFT_All[[#This Row],[M8+]]),"",ABS(NFFT_All[[#This Row],[M8+]]-(statistics_M8[[#This Row],[mean_gap]]/365))) -> #VALUE! | O8: =IF(ISBLANK(NFFT_All[[#This Row],[M4+]]),"",ABS(NFFT_All[[#This Row],[M4+]]-(statistics_M4[[#This Row],[exact_mode]]/365))) -> 1.1006301 | P8: =IF(ISBLANK(NFFT_All[[#This Row],[M5+]]),"",ABS(NFFT_All[[#This Row],[M5+]]-(statistics_M5[[#This Row],[exact_mode]]/365))) -> 1.1006301 | Q8: =IF(ISBLANK(NFFT_All[[#This Row],[M6+]]),"",ABS(NFFT_All[[#This Row],[M6+]]-(statistics_M6[[#This Row],[exact_mode]]/365))) -> 1.0906301 | R8: =IF(ISBLANK(NFFT_All[[#This Row],[M7+]]),"",ABS(NFFT_All[[#This Row],[M7+]]-(statistics_M7[[#This Row],[exact_mode]]/365))) -> 1.8964795 | S8: =IF(ISBLANK(NFFT_All[[#This Row],[M8+]]),"",ABS(NFFT_All[[#This Row],[M8+]]-(statistics_M8[[#This Row],[exact_mode]]/365))) -> #VALUE! | U8: =IF(ISBLANK(NFFT_All[[#This Row],[M4+]]),"",ABS(NFFT_All[[#This Row],[M4+]]-(statistics_M4[[#This Row],[median_gap]]/365))) -> 0.85542466 | V8: =IF(ISBLANK(NFFT_All[[#This Row],[M5+]]),"",ABS(NFFT_All[[#This Row],[M5+]]-(statistics_M5[[#This Row],[median_gap]]/365))) -> 0.85542466 | W8: =IF(ISBLANK(NFFT_All[[#This Row],[M6+]]),"",ABS(NFFT_All[[#This Row],[M6+]]-(statistics_M6[[#This Row],[median_gap]]/365))) -> 0.84405479 | X8: =IF(ISBLANK(NFFT_All[[#This Row],[M7+]]),"",ABS(NFFT_All[[#This Row],[M7+]]-(statistics_M7[[#This Row],[median_gap]]/365))) -> 0.90743836 | Y8: =IF(ISBLANK(NFFT_All[[#This Row],[M8+]]),"",ABS(NFFT_All[[#This Row],[M8+]]-(statistics_M8[[#This Row],[median_gap]]/365))) -> #VALUE!
A9: Philippines | B9: 2 | I9: =IF(ISBLANK(NFFT_All[[#This Row],[M4+]]),"",ABS(NFFT_All[[#This Row],[M4+]]-(statistics_M4[[#This Row],[mean_gap]]/365))) | J9: =IF(ISBLANK(NFFT_All[[#This Row],[M5+]]),"",ABS(NFFT_All[[#This Row],[M5+]]-(statistics_M5[[#This Row],[mean_gap]]/365))) | K9: =IF(ISBLANK(NFFT_All[[#This Row],[M6+]]),"",ABS(NFFT_All[[#This Row],[M6+]]-(statistics_M6[[#This Row],[mean_gap]]/365))) | L9: =IF(ISBLANK(NFFT_All[[#This Row],[M7+]]),"",ABS(NFFT_All[[#This Row],[M7+]]-(statistics_M7[[#This Row],[mean_gap]]/365))) | M9: =IF(ISBLANK(NFFT_All[[#This Row],[M8+]]),"",ABS(NFFT_All[[#This Row],[M8+]]-(statistics_M8[[#This Row],[mean_gap]]/365))) -> #VALUE! | O9: =IF(ISBLANK(NFFT_All[[#This Row],[M4+]]),"",ABS(NFFT_All[[#This Row],[M4+]]-(statistics_M4[[#This Row],[exact_mode]]/365))) | P9: =IF(ISBLANK(NFFT_All[[#This Row],[M5+]]),"",ABS(NFFT_All[[#This Row],[M5+]]-(statistics_M5[[#This Row],[exact_mode]]/365))) | Q9: =IF(ISBLANK(NFFT_All[[#This Row],[M6+]]),"",ABS(NFFT_All[[#This Row],[M6+]]-(statistics_M6[[#This Row],[exact_mode]]/365))) | R9: =IF(ISBLANK(NFFT_All[[#This Row],[M7+]]),"",ABS(NFFT_All[[#This Row],[M7+]]-(statistics_M7[[#This Row],[exact_mode]]/365))) | S9: =IF(ISBLANK(NFFT_All[[#This Row],[M8+]]),"",ABS(NFFT_All[[#This Row],[M8+]]-(statistics_M8[[#This Row],[exact_mode]]/365))) -> #VALUE! | U9: =IF(ISBLANK(NFFT_All[[#This Row],[M4+]]),"",ABS(NFFT_All[[#This Row],[M4+]]-(statistics_M4[[#This Row],[median_gap]]/365))) | V9: =IF(ISBLANK(NFFT_All[[#This Row],[M5+]]),"",ABS(NFFT_All[[#This Row],[M5+]]-(statistics_M5[[#This Row],[median_gap]]/365))) | W9: =IF(ISBLANK(NFFT_All[[#This Row],[M6+]]),"",ABS(NFFT_All[[#This Row],[M6+]]-(statistics_M6[[#This Row],[median_gap]]/365))) | X9: =IF(ISBLANK(NFFT_All[[#This Row],[M7+]]),"",ABS(NFFT_All[[#This Row],[M7+]]-(statistics_M7[[#This Row],[median_gap]]/365))) | Y9: =IF(ISBLANK(NFFT_All[[#This Row],[M8+]]),"",ABS(NFFT_All[[#This Row],[M8+]]-(statistics_M8[[#This Row],[median_gap]]/365))) -> #VALUE!
A10: Tonga | B10: 1 | C10: 1.431 | D10: 1.431 | E10: 1.662 | F10: 4.192 | I10: =IF(ISBLANK(NFFT_All[[#This Row],[M4+]]),"",ABS(NFFT_All[[#This Row],[M4+]]-('statistics-M4'!I11/365))) -> 0.47517543 | J10: =IF(ISBLANK(NFFT_All[[#This Row],[M5+]]),"",ABS(NFFT_All[[#This Row],[M5+]]-('statistics-M5'!$I11/365))) -> 0.47517543 | K10: =IF(ISBLANK(NFFT_All[[#This Row],[M6+]]),"",ABS(NFFT_All[[#This Row],[M6+]]-('statistics-M6'!$I11/365))) -> 0.66763411 | L10: =IF(ISBLANK(NFFT_All[[#This Row],[M7+]]),"",ABS(NFFT_All[[#This Row],[M7+]]-('statistics-M7'!$I11/365))) -> 0.45559485 | M10: =IF(ISBLANK(NFFT_All[[#This Row],[M8+]]),"",ABS(NFFT_All[[#This Row],[M8+]]-('statistics-M8'!$I11/365))) -> #VALUE! | O10: =IF(ISBLANK(NFFT_All[[#This Row],[M4+]]),"",ABS(NFFT_All[[#This Row],[M4+]]-('statistics-M4'!$F11/365))) -> 0.82278082 | P10: =IF(ISBLANK(NFFT_All[[#This Row],[M5+]]),"",ABS(NFFT_All[[#This Row],[M5+]]-('statistics-M5'!$F11/365))) -> 0.82278082 | Q10: =IF(ISBLANK(NFFT_All[[#This Row],[M6+]]),"",ABS(NFFT_All[[#This Row],[M6+]]-('statistics-M6'!$F11/365))) -> 1.0537808 | R10: =IF(ISBLANK(NFFT_All[[#This Row],[M7+]]),"",ABS(NFFT_All[[#This Row],[M7+]]-('statistics-M7'!$F11/365))) -> 3.5399452 | S10: =IF(ISBLANK(NFFT_All[[#This Row],[M8+]]),"",ABS(NFFT_All[[#This Row],[M8+]]-('statistics-M8'!$F11/365))) -> #VALUE! | U10: =IF(ISBLANK(NFFT_All[[#This Row],[M4+]]),"",ABS(NFFT_All[[#This Row],[M4+]]-('statistics-M4'!$J11/365))) -> 0.56524658 | V10: =IF(ISBLANK(NFFT_All[[#This Row],[M5+]]),"",ABS(NFFT_All[[#This Row],[M5+]]-('statistics-M5'!$J11/365))) -> 0.56524658 | W10: =IF(ISBLANK(NFFT_All[[#This Row],[M6+]]),"",ABS(NFFT_All[[#This Row],[M6+]]-('statistics-M6'!$J11/365))) -> 0.74830137 | X10: =IF(ISBLANK(NFFT_All[[#This Row],[M7+]]),"",ABS(NFFT_All[[#This Row],[M7+]]-('statistics-M7'!$J11/365))) -> 1.6687123 | Y10: =IF(ISBLANK(NFFT_All[[#This Row],[M8+]]),"",ABS(NFFT_All[[#This Row],[M8+]]-('statistics-M8'!$J11/365))) -> #VALUE!
A11: USA | B11: 1 | C11: 2.091 | D11: 2.091 | E11: 1.804 | F11: 5.993 | I11: =IF(ISBLANK(NFFT_All[[#This Row],[M4+]]),"",ABS(NFFT_All[[#This Row],[M4+]]-('statistics-M4'!I14/365))) -> 1.1946791 | J11: =IF(ISBLANK(NFFT_All[[#This Row],[M5+]]),"",ABS(NFFT_All[[#This Row],[M5+]]-('statistics-M5'!$I14/365))) -> 1.1946791 | K11: =IF(ISBLANK(NFFT_All[[#This Row],[M6+]]),"",ABS(NFFT_All[[#This Row],[M6+]]-('statistics-M6'!$I14/365))) -> 0.8946889 | L11: =IF(ISBLANK(NFFT_All[[#This Row],[M7+]]),"",ABS(NFFT_All[[#This Row],[M7+]]-('statistics-M7'!$I14/365))) -> 3.3365733 | M11: =IF(ISBLANK(NFFT_All[[#This Row],[M8+]]),"",ABS(NFFT_All[[#This Row],[M8+]]-('statistics-M8'!$I14/365))) -> #VALUE! | O11: =IF(ISBLANK(NFFT_All[[#This Row],[M4+]]),"",ABS(NFFT_All[[#This Row],[M4+]]-('statistics-M4'!$F14/365))) -> 1.5951096 | P11: =IF(ISBLANK(NFFT_All[[#This Row],[M5+]]),"",ABS(NFFT_All[[#This Row],[M5+]]-('statistics-M5'!$F14/365))) -> 1.5951096 | Q11: =IF(ISBLANK(NFFT_All[[#This Row],[M6+]]),"",ABS(NFFT_All[[#This Row],[M6+]]-('statistics-M6'!$F14/365))) -> 1.3081096 | R11: =IF(ISBLANK(NFFT_All[[#This Row],[M7+]]),"",ABS(NFFT_All[[#This Row],[M7+]]-('statistics-M7'!$F14/365))) -> 5.4313562 | S11: =IF(ISBLANK(NFFT_All[[#This Row],[M8+]]),"",ABS(NFFT_All[[#This Row],[M8+]]-('statistics-M8'!$F14/365))) -> #VALUE! | U11: =IF(ISBLANK(NFFT_All[[#This Row],[M4+]]),"",ABS(NFFT_All[[#This Row],[M4+]]-('statistics-M4'!$J14/365))) -> 1.2485342 | V11: =IF(ISBLANK(NFFT_All[[#This Row],[M5+]]),"",ABS(NFFT_All[[#This Row],[M5+]]-('statistics-M5'!$J14/365))) -> 1.2485342 | W11: =IF(ISBLANK(NFFT_All[[#This Row],[M6+]]),"",ABS(NFFT_All[[#This Row],[M6+]]-('statistics-M6'!$J14/365))) -> 0.95331507 | X11: =IF(ISBLANK(NFFT_All[[#This Row],[M7+]]),"",ABS(NFFT_All[[#This Row],[M7+]]-('statistics-M7'!$J14/365))) -> 4.1382055 | Y11: =IF(ISBLANK(NFFT_All[[#This Row],[M8+]]),"",ABS(NFFT_All[[#This Row],[M8+]]-('statistics-M8'!$J14/365))) -> #VALUE!
A12: USA | B12: 2 | C12: 1.682 | D12: 2.159 | E12: 2.322 | I12: =IF(ISBLANK(NFFT_All[[#This Row],[M4+]]),"",ABS(NFFT_All[[#This Row],[M4+]]-('statistics-M4'!I15/365))) -> 0.80576332 | J12: =IF(ISBLANK(NFFT_All[[#This Row],[M5+]]),"",ABS(NFFT_All[[#This Row],[M5+]]-('statistics-M5'!$I15/365))) -> 1.1482179 | K12: =IF(ISBLANK(NFFT_All[[#This Row],[M6+]]),"",ABS(NFFT_All[[#This Row],[M6+]]-('statistics-M6'!$I15/365))) -> 0.22295194 | L12: =IF(ISBLANK(NFFT_All[[#This Row],[M7+]]),"",ABS(NFFT_All[[#This Row],[M7+]]-('statistics-M7'!$I15/365))) | M12: =IF(ISBLANK(NFFT_All[[#This Row],[M8+]]),"",ABS(NFFT_All[[#This Row],[M8+]]-('statistics-M8'!$I15/365))) -> #VALUE! | O12: =IF(ISBLANK(NFFT_All[[#This Row],[M4+]]),"",ABS(NFFT_All[[#This Row],[M4+]]-('statistics-M4'!$F15/365))) -> 1.1806301 | P12: =IF(ISBLANK(NFFT_All[[#This Row],[M5+]]),"",ABS(NFFT_All[[#This Row],[M5+]]-('statistics-M5'!$F15/365))) -> 1.6576301 | Q12: =IF(ISBLANK(NFFT_All[[#This Row],[M6+]]),"",ABS(NFFT_All[[#This Row],[M6+]]-('statistics-M6'!$F15/365))) -> 1.5795342 | R12: =IF(ISBLANK(NFFT_All[[#This Row],[M7+]]),"",ABS(NFFT_All[[#This Row],[M7+]]-('statistics-M7'!$F15/365))) | S12: =IF(ISBLANK(NFFT_All[[#This Row],[M8+]]),"",ABS(NFFT_All[[#This Row],[M8+]]-('statistics-M8'!$F15/365))) -> #VALUE! | U12: =IF(ISBLANK(NFFT_All[[#This Row],[M4+]]),"",ABS(NFFT_All[[#This Row],[M4+]]-('statistics-M4'!$J15/365))) -> 0.87241096 | V12: =IF(ISBLANK(NFFT_All[[#This Row],[M5+]]),"",ABS(NFFT_All[[#This Row],[M5+]]-('statistics-M5'!$J15/365))) -> 1.3124247 | W12: =IF(ISBLANK(NFFT_All[[#This Row],[M6+]]),"",ABS(NFFT_All[[#This Row],[M6+]]-('statistics-M6'!$J15/365))) -> 0.63980822 | X12: =IF(ISBLANK(NFFT_All[[#This Row],[M7+]]),"",ABS(NFFT_All[[#This Row],[M7+]]-('statistics-M7'!$J15/365))) | Y12: =IF(ISBLANK(NFFT_All[[#This Row],[M8+]]),"",ABS(NFFT_All[[#This Row],[M8+]]-('statistics-M8'!$J15/365))) -> #VALUE!
A13: USA | B13: 3 | C13: 1.746 | D13: 2.673 | E13: 4.532 | I13: =IF(ISBLANK(NFFT_All[[#This Row],[M4+]]),"",ABS(NFFT_All[[#This Row],[M4+]]-('statistics-M4'!I16/365))) -> 0.78811532 | J13: =IF(ISBLANK(NFFT_All[[#This Row],[M5+]]),"",ABS(NFFT_All[[#This Row],[M5+]]-('statistics-M5'!$I16/365))) -> 0.99084575 | K13: =IF(ISBLANK(NFFT_All[[#This Row],[M6+]]),"",ABS(NFFT_All[[#This Row],[M6+]]-('statistics-M6'!$I16/365))) -> 0.18843379 | L13: =IF(ISBLANK(NFFT_All[[#This Row],[M7+]]),"",ABS(NFFT_All[[#This Row],[M7+]]-('statistics-M7'!$I16/365))) | M13: =IF(ISBLANK(NFFT_All[[#This Row],[M8+]]),"",ABS(NFFT_All[[#This Row],[M8+]]-('statistics-M8'!$I16/365))) -> #VALUE! | O13: =IF(ISBLANK(NFFT_All[[#This Row],[M4+]]),"",ABS(NFFT_All[[#This Row],[M4+]]-('statistics-M4'!$F16/365))) -> 0.97613699 | P13: =IF(ISBLANK(NFFT_All[[#This Row],[M5+]]),"",ABS(NFFT_All[[#This Row],[M5+]]-('statistics-M5'!$F16/365))) -> 2.0319041 | Q13: =IF(ISBLANK(NFFT_All[[#This Row],[M6+]]),"",ABS(NFFT_All[[#This Row],[M6+]]-('statistics-M6'!$F16/365))) -> 3.9100822 | R13: =IF(ISBLANK(NFFT_All[[#This Row],[M7+]]),"",ABS(NFFT_All[[#This Row],[M7+]]-('statistics-M7'!$F16/365))) | S13: =IF(ISBLANK(NFFT_All[[#This Row],[M8+]]),"",ABS(NFFT_All[[#This Row],[M8+]]-('statistics-M8'!$F16/365))) -> #VALUE! | U13: =IF(ISBLANK(NFFT_All[[#This Row],[M4+]]),"",ABS(NFFT_All[[#This Row],[M4+]]-('statistics-M4'!$J16/365))) -> 0.91312329 | V13: =IF(ISBLANK(NFFT_All[[#This Row],[M5+]]),"",ABS(NFFT_All[[#This Row],[M5+]]-('statistics-M5'!$J16/365))) -> 1.2510822 | W13: =IF(ISBLANK(NFFT_All[[#This Row],[M6+]]),"",ABS(NFFT_All[[#This Row],[M6+]]-('statistics-M6'!$J16/365))) -> 1.6977534 | X13: =IF(ISBLANK(NFFT_All[[#This Row],[M7+]]),"",ABS(NFFT_All[[#This Row],[M7+]]-('statistics-M7'!$J16/365))) | Y13: =IF(ISBLANK(NFFT_All[[#This Row],[M8+]]),"",ABS(NFFT_All[[#This Row],[M8+]]-('statistics-M8'!$J16/365))) -> #VALUE!
A14: Mexico | B14: 1 | C14: 2.481 | D14: 2.481 | E14: 3.014 | F14: 8.592 | I14: =IF(ISBLANK(NFFT_All[[#This Row],[M4+]]),"",ABS(NFFT_All[[#This Row],[M4+]]-('statistics-M4'!I17/365))) -> 1.4807173 | J14: =IF(ISBLANK(NFFT_All[[#This Row],[M5+]]),"",ABS(NFFT_All[[#This Row],[M5+]]-('statistics-M5'!$I17/365))) -> 1.4807173 | K14: =IF(ISBLANK(NFFT_All[[#This Row],[M6+]]),"",ABS(NFFT_All[[#This Row],[M6+]]-('statistics-M6'!$I17/365))) -> 1.8577099 | L14: =IF(ISBLANK(NFFT_All[[#This Row],[M7+]]),"",ABS(NFFT_All[[#This Row],[M7+]]-('statistics-M7'!$I17/365))) -> 5.6694951 | M14: =IF(ISBLANK(NFFT_All[[#This Row],[M8+]]),"",ABS(NFFT_All[[#This Row],[M8+]]-('statistics-M8'!$I17/365))) -> #VALUE! | O14: =IF(ISBLANK(NFFT_All[[#This Row],[M4+]]),"",ABS(NFFT_All[[#This Row],[M4+]]-('statistics-M4'!$F17/365))) -> 1.9686712 | P14: =IF(ISBLANK(NFFT_All[[#This Row],[M5+]]),"",ABS(NFFT_All[[#This Row],[M5+]]-('statistics-M5'!$F17/365))) -> 1.9686712 | Q14: =IF(ISBLANK(NFFT_All[[#This Row],[M6+]]),"",ABS(NFFT_All[[#This Row],[M6+]]-('statistics-M6'!$F17/365))) -> 2.5016712 | R14: =IF(ISBLANK(NFFT_All[[#This Row],[M7+]]),"",ABS(NFFT_All[[#This Row],[M7+]]-('statistics-M7'!$F17/365))) -> 6.5125479 | S14: =IF(ISBLANK(NFFT_All[[#This Row],[M8+]]),"",ABS(NFFT_All[[#This Row],[M8+]]-('statistics-M8'!$F17/365))) -> #VALUE! | U14: =IF(ISBLANK(NFFT_All[[#This Row],[M4+]]),"",ABS(NFFT_All[[#This Row],[M4+]]-('statistics-M4'!$J17/365))) -> 1.5645616 | V14: =IF(ISBLANK(NFFT_All[[#This Row],[M5+]]),"",ABS(NFFT_All[[#This Row],[M5+]]-('statistics-M5'!$J17/365))) -> 1.5645616 | W14: =IF(ISBLANK(NFFT_All[[#This Row],[M6+]]),"",ABS(NFFT_All[[#This Row],[M6+]]-('statistics-M6'!$J17/365))) -> 2.0194795 | X14: =IF(ISBLANK(NFFT_All[[#This Row],[M7+]]),"",ABS(NFFT_All[[#This Row],[M7+]]-('statistics-M7'!$J17/365))) -> 6.3591233 | Y14: =IF(ISBLANK(NFFT_All[[#This Row],[M8+]]),"",ABS(NFFT_All[[#This Row],[M8+]]-('statistics-M8'!$J17/365))) -> #VALUE!
A15: Mexico | B15: 2 | C15: 2.433 | D15: 3.091 | E15: 2.335 | I15: =IF(ISBLANK(NFFT_All[[#This Row],[M4+]]),"",ABS(NFFT_All[[#This Row],[M4+]]-('statistics-M4'!I18/365))) -> 1.4196158 | J15: =IF(ISBLANK(NFFT_All[[#This Row],[M5+]]),"",ABS(NFFT_All[[#This Row],[M5+]]-('statistics-M5'!$I18/365))) -> 1.9670648 | K15: =IF(ISBLANK(NFFT_All[[#This Row],[M6+]]),"",ABS(NFFT_All[[#This Row],[M6+]]-('statistics-M6'!$I18/365))) -> 0.51686946 | L15: =IF(ISBLANK(NFFT_All[[#This Row],[M7+]]),"",ABS(NFFT_All[[#This Row],[M7+]]-('statistics-M7'!$I18/365))) | M15: =IF(ISBLANK(NFFT_All[[#This Row],[M8+]]),"",ABS(NFFT_All[[#This Row],[M8+]]-('statistics-M8'!$I18/365))) -> #VALUE! | O15: =IF(ISBLANK(NFFT_All[[#This Row],[M4+]]),"",ABS(NFFT_All[[#This Row],[M4+]]-('statistics-M4'!$F18/365))) -> 1.7699863 | P15: =IF(ISBLANK(NFFT_All[[#This Row],[M5+]]),"",ABS(NFFT_All[[#This Row],[M5+]]-('statistics-M5'!$F18/365))) -> 2.5594932 | Q15: =IF(ISBLANK(NFFT_All[[#This Row],[M6+]]),"",ABS(NFFT_All[[#This Row],[M6+]]-('statistics-M6'!$F18/365))) -> 1.4034932 | R15: =IF(ISBLANK(NFFT_All[[#This Row],[M7+]]),"",ABS(NFFT_All[[#This Row],[M7+]]-('statistics-M7'!$F18/365))) | S15: =IF(ISBLANK(NFFT_All[[#This Row],[M8+]]),"",ABS(NFFT_All[[#This Row],[M8+]]-('statistics-M8'!$F18/365))) -> #VALUE! | U15: =IF(ISBLANK(NFFT_All[[#This Row],[M4+]]),"",ABS(NFFT_All[[#This Row],[M4+]]-('statistics-M4'!$J18/365))) -> 1.6124521 | V15: =IF(ISBLANK(NFFT_All[[#This Row],[M5+]]),"",ABS(NFFT_All[[#This Row],[M5+]]-('statistics-M5'!$J18/365))) -> 2.2238767 | W15: =IF(ISBLANK(NFFT_All[[#This Row],[M6+]]),"",ABS(NFFT_All[[#This Row],[M6+]]-('statistics-M6'!$J18/365))) -> 0.91034247 | X15: =IF(ISBLANK(NFFT_All[[#This Row],[M7+]]),"",ABS(NFFT_All[[#This Row],[M7+]]-('statistics-M7'!$J18/365))) | Y15: =IF(ISBLANK(NFFT_All[[#This Row],[M8+]]),"",ABS(NFFT_All[[#This Row],[M8+]]-('statistics-M8'!$J18/365))) -> #VALUE!
A16: Mexico | B16: 3 | C16: 1.85 | D16: 1.879 | I16: =IF(ISBLANK(NFFT_All[[#This Row],[M4+]]),"",ABS(NFFT_All[[#This Row],[M4+]]-('statistics-M4'!I19/365))) -> 0.31472603 | J16: =IF(ISBLANK(NFFT_All[[#This Row],[M5+]]),"",ABS(NFFT_All[[#This Row],[M5+]]-('statistics-M5'!$I19/365))) -> 0.11552055 | K16: =IF(ISBLANK(NFFT_All[[#This Row],[M6+]]),"",ABS(NFFT_All[[#This Row],[M6+]]-('statistics-M6'!$I19/365))) | L16: =IF(ISBLANK(NFFT_All[[#This Row],[M7+]]),"",ABS(NFFT_All[[#This Row],[M7+]]-('statistics-M7'!$I19/365))) | M16: =IF(ISBLANK(NFFT_All[[#This Row],[M8+]]),"",ABS(NFFT_All[[#This Row],[M8+]]-('statistics-M8'!$I19/365))) -> #VALUE! | O16: =IF(ISBLANK(NFFT_All[[#This Row],[M4+]]),"",ABS(NFFT_All[[#This Row],[M4+]]-('statistics-M4'!$F19/365))) -> 1.2390411 | P16: =IF(ISBLANK(NFFT_All[[#This Row],[M5+]]),"",ABS(NFFT_All[[#This Row],[M5+]]-('statistics-M5'!$F19/365))) -> 1.2680411 | Q16: =IF(ISBLANK(NFFT_All[[#This Row],[M6+]]),"",ABS(NFFT_All[[#This Row],[M6+]]-('statistics-M6'!$F19/365))) | R16: =IF(ISBLANK(NFFT_All[[#This Row],[M7+]]),"",ABS(NFFT_All[[#This Row],[M7+]]-('statistics-M7'!$F19/365))) | S16: =IF(ISBLANK(NFFT_All[[#This Row],[M8+]]),"",ABS(NFFT_All[[#This Row],[M8+]]-('statistics-M8'!$F19/365))) -> #VALUE! | U16: =IF(ISBLANK(NFFT_All[[#This Row],[M4+]]),"",ABS(NFFT_All[[#This Row],[M4+]]-('statistics-M4'!$J19/365))) -> 0.8869863 | V16: =IF(ISBLANK(NFFT_All[[#This Row],[M5+]]),"",ABS(NFFT_All[[#This Row],[M5+]]-('statistics-M5'!$J19/365))) -> 0.73653425 | W16: =IF(ISBLANK(NFFT_All[[#This Row],[M6+]]),"",ABS(NFFT_All[[#This Row],[M6+]]-('statistics-M6'!$J19/365))) | X16: =IF(ISBLANK(NFFT_All[[#This Row],[M7+]]),"",ABS(NFFT_All[[#This Row],[M7+]]-('statistics-M7'!$J19/365))) | Y16: =IF(ISBLANK(NFFT_All[[#This Row],[M8+]]),"",ABS(NFFT_All[[#This Row],[M8+]]-('statistics-M8'!$J19/365))) -> #VALUE!
A17: Canada | B17: 1 | C17: 2.829 | D17: 2.621 | E17: 2.848 | I17: =IF(ISBLANK(NFFT_All[[#This Row],[M4+]]),"",ABS(NFFT_All[[#This Row],[M4+]]-('statistics-M4'!I20/365))) -> 1.6508339 | J17: =IF(ISBLANK(NFFT_All[[#This Row],[M5+]]),"",ABS(NFFT_All[[#This Row],[M5+]]-('statistics-M5'!$I20/365))) -> 1.3689452 | K17: =IF(ISBLANK(NFFT_All[[#This Row],[M6+]]),"",ABS(NFFT_All[[#This Row],[M6+]]-('statistics-M6'!$I20/365))) -> 0.94905023 | L17: =IF(ISBLANK(NFFT_All[[#This Row],[M7+]]),"",ABS(NFFT_All[[#This Row],[M7+]]-('statistics-M7'!$I20/365))) | M17: =IF(ISBLANK(NFFT_All[[#This Row],[M8+]]),"",ABS(NFFT_All[[#This Row],[M8+]]-('statistics-M8'!$I20/365))) -> #VALUE! | O17: =IF(ISBLANK(NFFT_All[[#This Row],[M4+]]),"",ABS(NFFT_All[[#This Row],[M4+]]-('statistics-M4'!$F20/365))) -> 1.9906438 | P17: =IF(ISBLANK(NFFT_All[[#This Row],[M5+]]),"",ABS(NFFT_All[[#This Row],[M5+]]-('statistics-M5'!$F20/365))) -> 1.7826438 | Q17: =IF(ISBLANK(NFFT_All[[#This Row],[M6+]]),"",ABS(NFFT_All[[#This Row],[M6+]]-('statistics-M6'!$F20/365))) -> 2.2096438 | R17: =IF(ISBLANK(NFFT_All[[#This Row],[M7+]]),"",ABS(NFFT_All[[#This Row],[M7+]]-('statistics-M7'!$F20/365))) | S17: =IF(ISBLANK(NFFT_All[[#This Row],[M8+]]),"",ABS(NFFT_All[[#This Row],[M8+]]-('statistics-M8'!$F20/365))) -> #VALUE! | U17: =IF(ISBLANK(NFFT_All[[#This Row],[M4+]]),"",ABS(NFFT_All[[#This Row],[M4+]]-('statistics-M4'!$J20/365))) -> 1.9153014 | V17: =IF(ISBLANK(NFFT_All[[#This Row],[M5+]]),"",ABS(NFFT_All[[#This Row],[M5+]]-('statistics-M5'!$J20/365))) -> 1.6483973 | W17: =IF(ISBLANK(NFFT_All[[#This Row],[M6+]]),"",ABS(NFFT_All[[#This Row],[M6+]]-('statistics-M6'!$J20/365))) -> 1.4301918 | X17: =IF(ISBLANK(NFFT_All[[#This Row],[M7+]]),"",ABS(NFFT_All[[#This Row],[M7+]]-('statistics-M7'!$J20/365))) | Y17: =IF(ISBLANK(NFFT_All[[#This Row],[M8+]]),"",ABS(NFFT_All[[#This Row],[M8+]]-('statistics-M8'!$J20/365))) -> #VALUE!
A18: Canada | B18: 2 | C18: 1.757 | I18: =IF(ISBLANK(NFFT_All[[#This Row],[M4+]]),"",ABS(NFFT_All[[#This Row],[M4+]]-('statistics-M4'!I21/365))) -> 0.070159023 | J18: =IF(ISBLANK(NFFT_All[[#This Row],[M5+]]),"",ABS(NFFT_All[[#This Row],[M5+]]-('statistics-M5'!$I21/365))) | K18: =IF(ISBLANK(NFFT_All[[#This Row],[M6+]]),"",ABS(NFFT_All[[#This Row],[M6+]]-('statistics-M6'!$I21/365))) | L18: =IF(ISBLANK(NFFT_All[[#This Row],[M7+]]),"",ABS(NFFT_All[[#This Row],[M7+]]-('statistics-M7'!$I21/365))) | M18: =IF(ISBLANK(NFFT_All[[#This Row],[M8+]]),"",ABS(NFFT_All[[#This Row],[M8+]]-('statistics-M8'!$I21/365))) -> #VALUE! | O18: =IF(ISBLANK(NFFT_All[[#This Row],[M4+]]),"",ABS(NFFT_All[[#This Row],[M4+]]-('statistics-M4'!$F21/365))) -> 0.81727397 | P18: =IF(ISBLANK(NFFT_All[[#This Row],[M5+]]),"",ABS(NFFT_All[[#This Row],[M5+]]-('statistics-M5'!$F21/365))) | Q18: =IF(ISBLANK(NFFT_All[[#This Row],[M6+]]),"",ABS(NFFT_All[[#This Row],[M6+]]-('statistics-M6'!$F21/365))) | R18: =IF(ISBLANK(NFFT_All[[#This Row],[M7+]]),"",ABS(NFFT_All[[#This Row],[M7+]]-('statistics-M7'!$F21/365))) | S18: =IF(ISBLANK(NFFT_All[[#This Row],[M8+]]),"",ABS(NFFT_All[[#This Row],[M8+]]-('statistics-M8'!$F21/365))) -> #VALUE! | U18: =IF(ISBLANK(NFFT_All[[#This Row],[M4+]]),"",ABS(NFFT_All[[#This Row],[M4+]]-('statistics-M4'!$J21/365))) -> 0.657 | V18: =IF(ISBLANK(NFFT_All[[#This Row],[M5+]]),"",ABS(NFFT_All[[#This Row],[M5+]]-('statistics-M5'!$J21/365))) | W18: =IF(ISBLANK(NFFT_All[[#This Row],[M6+]]),"",ABS(NFFT_All[[#This Row],[M6+]]-('statistics-M6'!$J21/365))) | X18: =IF(ISBLANK(NFFT_All[[#This Row],[M7+]]),"",ABS(NFFT_All[[#This Row],[M7+]]-('statistics-M7'!$J21/365))) | Y18: =IF(ISBLANK(NFFT_All[[#This Row],[M8+]]),"",ABS(NFFT_All[[#This Row],[M8+]]-('statistics-M8'!$J21/365))) -> #VALUE!
A19: Canada | B19: 3 | C19: 2.423 | I19: =IF(ISBLANK(NFFT_All[[#This Row],[M4+]]),"",ABS(NFFT_All[[#This Row],[M4+]]-('statistics-M4'!I22/365))) -> 0.12768493 | J19: =IF(ISBLANK(NFFT_All[[#This Row],[M5+]]),"",ABS(NFFT_All[[#This Row],[M5+]]-('statistics-M5'!$I22/365))) | K19: =IF(ISBLANK(NFFT_All[[#This Row],[M6+]]),"",ABS(NFFT_All[[#This Row],[M6+]]-('statistics-M6'!$I22/365))) | L19: =IF(ISBLANK(NFFT_All[[#This Row],[M7+]]),"",ABS(NFFT_All[[#This Row],[M7+]]-('statistics-M7'!$I22/365))) | M19: =IF(ISBLANK(NFFT_All[[#This Row],[M8+]]),"",ABS(NFFT_All[[#This Row],[M8+]]-('statistics-M8'!$I22/365))) -> #VALUE! | O19: =IF(ISBLANK(NFFT_All[[#This Row],[M4+]]),"",ABS(NFFT_All[[#This Row],[M4+]]-('statistics-M4'!$F22/365))) -> 1.7545068 | P19: =IF(ISBLANK(NFFT_All[[#This Row],[M5+]]),"",ABS(NFFT_All[[#This Row],[M5+]]-('statistics-M5'!$F22/365))) | Q19: =IF(ISBLANK(NFFT_All[[#This Row],[M6+]]),"",ABS(NFFT_All[[#This Row],[M6+]]-('statistics-M6'!$F22/365))) | R19: =IF(ISBLANK(NFFT_All[[#This Row],[M7+]]),"",ABS(NFFT_All[[#This Row],[M7+]]-('statistics-M7'!$F22/365))) | S19: =IF(ISBLANK(NFFT_All[[#This Row],[M8+]]),"",ABS(NFFT_All[[#This Row],[M8+]]-('statistics-M8'!$F22/365))) -> #VALUE! | U19: =IF(ISBLANK(NFFT_All[[#This Row],[M4+]]),"",ABS(NFFT_All[[#This Row],[M4+]]-('statistics-M4'!$J22/365))) -> 0.71615068 | V19: =IF(ISBLANK(NFFT_All[[#This Row],[M5+]]),"",ABS(NFFT_All[[#This Row],[M5+]]-('statistics-M5'!$J22/365))) | W19: =IF(ISBLANK(NFFT_All[[#This Row],[M6+]]),"",ABS(NFFT_All[[#This Row],[M6+]]-('statistics-M6'!$J22/365))) | X19: =IF(ISBLANK(NFFT_All[[#This Row],[M7+]]),"",ABS(NFFT_All[[#This Row],[M7+]]-('statistics-M7'!$J22/365))) | Y19: =IF(ISBLANK(NFFT_All[[#This Row],[M8+]]),"",ABS(NFFT_All[[#This Row],[M8+]]-('statistics-M8'!$J22/365))) -> #VALUE!
A20: Guatemala | B20: 1 | C20: 2.071 | D20: 2.071 | E20: 2.78 | I20: =IF(ISBLANK(NFFT_All[[#This Row],[M4+]]),"",ABS(NFFT_All[[#This Row],[M4+]]-('statistics-M4'!I23/365))) -> 0.81584572 | J20: =IF(ISBLANK(NFFT_All[[#This Row],[M5+]]),"",ABS(NFFT_All[[#This Row],[M5+]]-('statistics-M5'!$I23/365))) -> 0.81584572 | K20: =IF(ISBLANK(NFFT_All[[#This Row],[M6+]]),"",ABS(NFFT_All[[#This Row],[M6+]]-('statistics-M6'!$I23/365))) -> 0.2832709 | L20: =IF(ISBLANK(NFFT_All[[#This Row],[M7+]]),"",ABS(NFFT_All[[#This Row],[M7+]]-('statistics-M7'!$I23/365))) | M20: =IF(ISBLANK(NFFT_All[[#This Row],[M8+]]),"",ABS(NFFT_All[[#This Row],[M8+]]-('statistics-M8'!$I23/365))) -> #VALUE! | O20: =IF(ISBLANK(NFFT_All[[#This Row],[M4+]]),"",ABS(NFFT_All[[#This Row],[M4+]]-('statistics-M4'!$F23/365))) -> 1.5668904 | P20: =IF(ISBLANK(NFFT_All[[#This Row],[M5+]]),"",ABS(NFFT_All[[#This Row],[M5+]]-('statistics-M5'!$F23/365))) -> 1.5668904 | Q20: =IF(ISBLANK(NFFT_All[[#This Row],[M6+]]),"",ABS(NFFT_All[[#This Row],[M6+]]-('statistics-M6'!$F23/365))) -> 1.9060274 | R20: =IF(ISBLANK(NFFT_All[[#This Row],[M7+]]),"",ABS(NFFT_All[[#This Row],[M7+]]-('statistics-M7'!$F23/365))) | S20: =IF(ISBLANK(NFFT_All[[#This Row],[M8+]]),"",ABS(NFFT_All[[#This Row],[M8+]]-('statistics-M8'!$F23/365))) -> #VALUE! | U20: =IF(ISBLANK(NFFT_All[[#This Row],[M4+]]),"",ABS(NFFT_All[[#This Row],[M4+]]-('statistics-M4'!$J23/365))) -> 1.180589 | V20: =IF(ISBLANK(NFFT_All[[#This Row],[M5+]]),"",ABS(NFFT_All[[#This Row],[M5+]]-('statistics-M5'!$J23/365))) -> 1.180589 | W20: =IF(ISBLANK(NFFT_All[[#This Row],[M6+]]),"",ABS(NFFT_All[[#This Row],[M6+]]-('statistics-M6'!$J23/365))) -> 1.1224658 | X20: =IF(ISBLANK(NFFT_All[[#This Row],[M7+]]),"",ABS(NFFT_All[[#This Row],[M7+]]-('statistics-M7'!$J23/365))) | Y20: =IF(ISBLANK(NFFT_All[[#This Row],[M8+]]),"",ABS(NFFT_All[[#This Row],[M8+]]-('statistics-M8'!$J23/365))) -> #VALUE!
A21: Guatemala | B21: 2 | I21: =IF(ISBLANK(NFFT_All[[#This Row],[M4+]]),"",ABS(NFFT_All[[#This Row],[M4+]]-('statistics-M4'!I24/365))) | J21: =IF(ISBLANK(NFFT_All[[#This Row],[M5+]]),"",ABS(NFFT_All[[#This Row],[M5+]]-('statistics-M5'!$I24/365))) | K21: =IF(ISBLANK(NFFT_All[[#This Row],[M6+]]),"",ABS(NFFT_All[[#This Row],[M6+]]-('statistics-M6'!$I24/365))) | L21: =IF(ISBLANK(NFFT_All[[#This Row],[M7+]]),"",ABS(NFFT_All[[#This Row],[M7+]]-('statistics-M7'!$I24/365))) | M21: =IF(ISBLANK(NFFT_All[[#This Row],[M8+]]),"",ABS(NFFT_All[[#This Row],[M8+]]-('statistics-M8'!$I24/365))) -> #VALUE! | O21: =IF(ISBLANK(NFFT_All[[#This Row],[M4+]]),"",ABS(NFFT_All[[#This Row],[M4+]]-('statistics-M4'!$F24/365))) | P21: =IF(ISBLANK(NFFT_All[[#This Row],[M5+]]),"",ABS(NFFT_All[[#This Row],[M5+]]-('statistics-M5'!$F24/365))) | Q21: =IF(ISBLANK(NFFT_All[[#This Row],[M6+]]),"",ABS(NFFT_All[[#This Row],[M6+]]-('statistics-M6'!$F24/365))) | R21: =IF(ISBLANK(NFFT_All[[#This Row],[M7+]]),"",ABS(NFFT_All[[#This Row],[M7+]]-('statistics-M7'!$F24/365))) | S21: =IF(ISBLANK(NFFT_All[[#This Row],[M8+]]),"",ABS(NFFT_All[[#This Row],[M8+]]-('statistics-M8'!$F24/365))) -> #VALUE! | U21: =IF(ISBLANK(NFFT_All[[#This Row],[M4+]]),"",ABS(NFFT_All[[#This Row],[M4+]]-('statistics-M4'!$J24/365))) | V21: =IF(ISBLANK(NFFT_All[[#This Row],[M5+]]),"",ABS(NFFT_All[[#This Row],[M5+]]-('statistics-M5'!$J24/365))) | W21: =IF(ISBLANK(NFFT_All[[#This Row],[M6+]]),"",ABS(NFFT_All[[#This Row],[M6+]]-('statistics-M6'!$J24/365))) | X21: =IF(ISBLANK(NFFT_All[[#This Row],[M7+]]),"",ABS(NFFT_All[[#This Row],[M7+]]-('statistics-M7'!$J24/365))) | Y21: =IF(ISBLANK(NFFT_All[[#This Row],[M8+]]),"",ABS(NFFT_All[[#This Row],[M8+]]-('statistics-M8'!$J24/365))) -> #VALUE!
A22: Russia | B22: 1 | C22: 1.54 | D22: 1.54 | E22: 1.905 | F22: 2.488 | I22: =IF(ISBLANK(NFFT_All[[#This Row],[M4+]]),"",ABS(NFFT_All[[#This Row],[M4+]]-('statistics-M4'!I26/365))) -> 0.69912476 | J22: =IF(ISBLANK(NFFT_All[[#This Row],[M5+]]),"",ABS(NFFT_All[[#This Row],[M5+]]-('statistics-M5'!$I26/365))) -> 0.69912476 | K22: =IF(ISBLANK(NFFT_All[[#This Row],[M6+]]),"",ABS(NFFT_All[[#This Row],[M6+]]-('statistics-M6'!$I26/365))) -> 1.0409282 | L22: =IF(ISBLANK(NFFT_All[[#This Row],[M7+]]),"",ABS(NFFT_All[[#This Row],[M7+]]-('statistics-M7'!$I26/365))) -> 0.22618182 | M22: =IF(ISBLANK(NFFT_All[[#This Row],[M8+]]),"",ABS(NFFT_All[[#This Row],[M8+]]-('statistics-M8'!$I26/365))) -> #VALUE! | O22: =IF(ISBLANK(NFFT_All[[#This Row],[M4+]]),"",ABS(NFFT_All[[#This Row],[M4+]]-('statistics-M4'!$F26/365))) -> 1.0276712 | P22: =IF(ISBLANK(NFFT_All[[#This Row],[M5+]]),"",ABS(NFFT_All[[#This Row],[M5+]]-('statistics-M5'!$F26/365))) -> 1.0276712 | Q22: =IF(ISBLANK(NFFT_All[[#This Row],[M6+]]),"",ABS(NFFT_All[[#This Row],[M6+]]-('statistics-M6'!$F26/365))) -> 1.3926712 | R22: =IF(ISBLANK(NFFT_All[[#This Row],[M7+]]),"",ABS(NFFT_All[[#This Row],[M7+]]-('statistics-M7'!$F26/365))) -> 1.2633425 | S22: =IF(ISBLANK(NFFT_All[[#This Row],[M8+]]),"",ABS(NFFT_All[[#This Row],[M8+]]-('statistics-M8'!$F26/365))) -> #VALUE! | U22: =IF(ISBLANK(NFFT_All[[#This Row],[M4+]]),"",ABS(NFFT_All[[#This Row],[M4+]]-('statistics-M4'!$J26/365))) -> 0.78109589 | V22: =IF(ISBLANK(NFFT_All[[#This Row],[M5+]]),"",ABS(NFFT_All[[#This Row],[M5+]]-('statistics-M5'!$J26/365))) -> 0.78109589 | W22: =IF(ISBLANK(NFFT_All[[#This Row],[M6+]]),"",ABS(NFFT_All[[#This Row],[M6+]]-('statistics-M6'!$J26/365))) -> 1.1241781 | X22: =IF(ISBLANK(NFFT_All[[#This Row],[M7+]]),"",ABS(NFFT_All[[#This Row],[M7+]]-('statistics-M7'!$J26/365))) -> 0.80306849 | Y22: =IF(ISBLANK(NFFT_All[[#This Row],[M8+]]),"",ABS(NFFT_All[[#This Row],[M8+]]-('statistics-M8'!$J26/365))) -> #VALUE!
A23: Russia | B23: 2 | C23: 2.395 | I23: =IF(ISBLANK(NFFT_All[[#This Row],[M4+]]),"",ABS(NFFT_All[[#This Row],[M4+]]-('statistics-M4'!I27/365))) -> 0.73667267 | J23: =IF(ISBLANK(NFFT_All[[#This Row],[M5+]]),"",ABS(NFFT_All[[#This Row],[M5+]]-('statistics-M5'!$I27/365))) | K23: =IF(ISBLANK(NFFT_All[[#This Row],[M6+]]),"",ABS(NFFT_All[[#This Row],[M6+]]-('statistics-M6'!$I27/365))) | L23: =IF(ISBLANK(NFFT_All[[#This Row],[M7+]]),"",ABS(NFFT_All[[#This Row],[M7+]]-('statistics-M7'!$I27/365))) | M23: =IF(ISBLANK(NFFT_All[[#This Row],[M8+]]),"",ABS(NFFT_All[[#This Row],[M8+]]-('statistics-M8'!$I27/365))) -> #VALUE! | O23: =IF(ISBLANK(NFFT_All[[#This Row],[M4+]]),"",ABS(NFFT_All[[#This Row],[M4+]]-('statistics-M4'!$F27/365))) -> 1.6963699 | P23: =IF(ISBLANK(NFFT_All[[#This Row],[M5+]]),"",ABS(NFFT_All[[#This Row],[M5+]]-('statistics-M5'!$F27/365))) | Q23: =IF(ISBLANK(NFFT_All[[#This Row],[M6+]]),"",ABS(NFFT_All[[#This Row],[M6+]]-('statistics-M6'!$F27/365))) | R23: =IF(ISBLANK(NFFT_All[[#This Row],[M7+]]),"",ABS(NFFT_All[[#This Row],[M7+]]-('statistics-M7'!$F27/365))) | S23: =IF(ISBLANK(NFFT_All[[#This Row],[M8+]]),"",ABS(NFFT_All[[#This Row],[M8+]]-('statistics-M8'!$F27/365))) -> #VALUE! | U23: =IF(ISBLANK(NFFT_All[[#This Row],[M4+]]),"",ABS(NFFT_All[[#This Row],[M4+]]-('statistics-M4'!$J27/365))) -> 1.6922603 | V23: =IF(ISBLANK(NFFT_All[[#This Row],[M5+]]),"",ABS(NFFT_All[[#This Row],[M5+]]-('statistics-M5'!$J27/365))) | W23: =IF(ISBLANK(NFFT_All[[#This Row],[M6+]]),"",ABS(NFFT_All[[#This Row],[M6+]]-('statistics-M6'!$J27/365))) | X23: =IF(ISBLANK(NFFT_All[[#This Row],[M7+]]),"",ABS(NFFT_All[[#This Row],[M7+]]-('statistics-M7'!$J27/365))) | Y23: =IF(ISBLANK(NFFT_All[[#This Row],[M8+]]),"",ABS(NFFT_All[[#This Row],[M8+]]-('statistics-M8'!$J27/365))) -> #VALUE!
A24: Russia | B24: 3 | C24: 2.472 | D24: 4.546 | I24: =IF(ISBLANK(NFFT_All[[#This Row],[M4+]]),"",ABS(NFFT_All[[#This Row],[M4+]]-('statistics-M4'!I28/365))) -> 0.51085021 | J24: =IF(ISBLANK(NFFT_All[[#This Row],[M5+]]),"",ABS(NFFT_All[[#This Row],[M5+]]-('statistics-M5'!$I28/365))) -> 1.3127531 | K24: =IF(ISBLANK(NFFT_All[[#This Row],[M6+]]),"",ABS(NFFT_All[[#This Row],[M6+]]-('statistics-M6'!$I28/365))) | L24: =IF(ISBLANK(NFFT_All[[#This Row],[M7+]]),"",ABS(NFFT_All[[#This Row],[M7+]]-('statistics-M7'!$I28/365))) | M24: =IF(ISBLANK(NFFT_All[[#This Row],[M8+]]),"",ABS(NFFT_All[[#This Row],[M8+]]-('statistics-M8'!$I28/365))) -> #VALUE! | O24: =IF(ISBLANK(NFFT_All[[#This Row],[M4+]]),"",ABS(NFFT_All[[#This Row],[M4+]]-('statistics-M4'!$F28/365))) -> 1.2007671 | P24: =IF(ISBLANK(NFFT_All[[#This Row],[M5+]]),"",ABS(NFFT_All[[#This Row],[M5+]]-('statistics-M5'!$F28/365))) -> 4.0199726 | Q24: =IF(ISBLANK(NFFT_All[[#This Row],[M6+]]),"",ABS(NFFT_All[[#This Row],[M6+]]-('statistics-M6'!$F28/365))) | R24: =IF(ISBLANK(NFFT_All[[#This Row],[M7+]]),"",ABS(NFFT_All[[#This Row],[M7+]]-('statistics-M7'!$F28/365))) | S24: =IF(ISBLANK(NFFT_All[[#This Row],[M8+]]),"",ABS(NFFT_All[[#This Row],[M8+]]-('statistics-M8'!$F28/365))) -> #VALUE! | U24: =IF(ISBLANK(NFFT_All[[#This Row],[M4+]]),"",ABS(NFFT_All[[#This Row],[M4+]]-('statistics-M4'!$J28/365))) -> 1.5404932 | V24: =IF(ISBLANK(NFFT_All[[#This Row],[M5+]]),"",ABS(NFFT_All[[#This Row],[M5+]]-('statistics-M5'!$J28/365))) -> 3.2747671 | W24: =IF(ISBLANK(NFFT_All[[#This Row],[M6+]]),"",ABS(NFFT_All[[#This Row],[M6+]]-('statistics-M6'!$J28/365))) | X24: =IF(ISBLANK(NFFT_All[[#This Row],[M7+]]),"",ABS(NFFT_All[[#This Row],[M7+]]-('statistics-M7'!$J28/365))) | Y24: =IF(ISBLANK(NFFT_All[[#This Row],[M8+]]),"",ABS(NFFT_All[[#This Row],[M8+]]-('statistics-M8'!$J28/365))) -> #VALUE!
A25: China | B25: 1 | C25: 2.622 | D25: 2.622 | E25: 6.683 | I25: =IF(ISBLANK(NFFT_All[[#This Row],[M4+]]),"",ABS(NFFT_All[[#This Row],[M4+]]-('statistics-M4'!I29/365))) -> 1.4005162 | J25: =IF(ISBLANK(NFFT_All[[#This Row],[M5+]]),"",ABS(NFFT_All[[#This Row],[M5+]]-('statistics-M5'!$I29/365))) -> 1.4005162 | K25: =IF(ISBLANK(NFFT_All[[#This Row],[M6+]]),"",ABS(NFFT_All[[#This Row],[M6+]]-('statistics-M6'!$I29/365))) -> 3.8573867 | L25: =IF(ISBLANK(NFFT_All[[#This Row],[M7+]]),"",ABS(NFFT_All[[#This Row],[M7+]]-('statistics-M7'!$I29/365))) | M25: =IF(ISBLANK(NFFT_All[[#This Row],[M8+]]),"",ABS(NFFT_All[[#This Row],[M8+]]-('statistics-M8'!$I29/365))) -> #VALUE! | O25: =IF(ISBLANK(NFFT_All[[#This Row],[M4+]]),"",ABS(NFFT_All[[#This Row],[M4+]]-('statistics-M4'!$F29/365))) -> 2.0932329 | P25: =IF(ISBLANK(NFFT_All[[#This Row],[M5+]]),"",ABS(NFFT_All[[#This Row],[M5+]]-('statistics-M5'!$F29/365))) -> 2.0932329 | Q25: =IF(ISBLANK(NFFT_All[[#This Row],[M6+]]),"",ABS(NFFT_All[[#This Row],[M6+]]-('statistics-M6'!$F29/365))) -> 2.0939589 | R25: =IF(ISBLANK(NFFT_All[[#This Row],[M7+]]),"",ABS(NFFT_All[[#This Row],[M7+]]-('statistics-M7'!$F29/365))) | S25: =IF(ISBLANK(NFFT_All[[#This Row],[M8+]]),"",ABS(NFFT_All[[#This Row],[M8+]]-('statistics-M8'!$F29/365))) -> #VALUE! | U25: =IF(ISBLANK(NFFT_All[[#This Row],[M4+]]),"",ABS(NFFT_All[[#This Row],[M4+]]-('statistics-M4'!$J29/365))) -> 1.7370685 | V25: =IF(ISBLANK(NFFT_All[[#This Row],[M5+]]),"",ABS(NFFT_All[[#This Row],[M5+]]-('statistics-M5'!$J29/365))) -> 1.7370685 | W25: =IF(ISBLANK(NFFT_All[[#This Row],[M6+]]),"",ABS(NFFT_All[[#This Row],[M6+]]-('statistics-M6'!$J29/365))) -> 4.9158767 | X25: =IF(ISBLANK(NFFT_All[[#This Row],[M7+]]),"",ABS(NFFT_All[[#This Row],[M7+]]-('statistics-M7'!$J29/365))) | Y25: =IF(ISBLANK(NFFT_All[[#This Row],[M8+]]),"",ABS(NFFT_All[[#This Row],[M8+]]-('statistics-M8'!$J29/365))) -> #VALUE!
A26: China | B26: 2 | C26: 2.017 | D26: 1.951 | E26: 3.681 | I26: =IF(ISBLANK(NFFT_All[[#This Row],[M4+]]),"",ABS(NFFT_All[[#This Row],[M4+]]-('statistics-M4'!I30/365))) -> 0.52377425 | J26: =IF(ISBLANK(NFFT_All[[#This Row],[M5+]]),"",ABS(NFFT_All[[#This Row],[M5+]]-('statistics-M5'!$I30/365))) -> 0.32405255 | K26: =IF(ISBLANK(NFFT_All[[#This Row],[M6+]]),"",ABS(NFFT_All[[#This Row],[M6+]]-('statistics-M6'!$I30/365))) -> 3.8313288 | L26: =IF(ISBLANK(NFFT_All[[#This Row],[M7+]]),"",ABS(NFFT_All[[#This Row],[M7+]]-('statistics-M7'!$I30/365))) | M26: =IF(ISBLANK(NFFT_All[[#This Row],[M8+]]),"",ABS(NFFT_All[[#This Row],[M8+]]-('statistics-M8'!$I30/365))) -> #VALUE! | O26: =IF(ISBLANK(NFFT_All[[#This Row],[M4+]]),"",ABS(NFFT_All[[#This Row],[M4+]]-('statistics-M4'!$F30/365))) -> 1.3841233 | P26: =IF(ISBLANK(NFFT_All[[#This Row],[M5+]]),"",ABS(NFFT_All[[#This Row],[M5+]]-('statistics-M5'!$F30/365))) -> 1.3181233 | Q26: =IF(ISBLANK(NFFT_All[[#This Row],[M6+]]),"",ABS(NFFT_All[[#This Row],[M6+]]-('statistics-M6'!$F30/365))) -> 2.9960685 | R26: =IF(ISBLANK(NFFT_All[[#This Row],[M7+]]),"",ABS(NFFT_All[[#This Row],[M7+]]-('statistics-M7'!$F30/365))) | S26: =IF(ISBLANK(NFFT_All[[#This Row],[M8+]]),"",ABS(NFFT_All[[#This Row],[M8+]]-('statistics-M8'!$F30/365))) -> #VALUE! | U26: =IF(ISBLANK(NFFT_All[[#This Row],[M4+]]),"",ABS(NFFT_All[[#This Row],[M4+]]-('statistics-M4'!$J30/365))) -> 1.1238493 | V26: =IF(ISBLANK(NFFT_All[[#This Row],[M5+]]),"",ABS(NFFT_All[[#This Row],[M5+]]-('statistics-M5'!$J30/365))) -> 0.98661644 | W26: =IF(ISBLANK(NFFT_All[[#This Row],[M6+]]),"",ABS(NFFT_All[[#This Row],[M6+]]-('statistics-M6'!$J30/365))) -> 0.78064384 | X26: =IF(ISBLANK(NFFT_All[[#This Row],[M7+]]),"",ABS(NFFT_All[[#This Row],[M7+]]-('statistics-M7'!$J30/365))) | Y26: =IF(ISBLANK(NFFT_All[[#This Row],[M8+]]),"",ABS(NFFT_All[[#This Row],[M8+]]-('statistics-M8'!$J30/365))) -> #VALUE!
A27: China | B27: 3 | C27: 2.024 | D27: 2.241 | I27: =IF(ISBLANK(NFFT_All[[#This Row],[M4+]]),"",ABS(NFFT_All[[#This Row],[M4+]]-('statistics-M4'!I31/365))) -> 0.61859665 | J27: =IF(ISBLANK(NFFT_All[[#This Row],[M5+]]),"",ABS(NFFT_All[[#This Row],[M5+]]-('statistics-M5'!$I31/365))) -> 0.58216326 | K27: =IF(ISBLANK(NFFT_All[[#This Row],[M6+]]),"",ABS(NFFT_All[[#This Row],[M6+]]-('statistics-M6'!$I31/365))) | L27: =IF(ISBLANK(NFFT_All[[#This Row],[M7+]]),"",ABS(NFFT_All[[#This Row],[M7+]]-('statistics-M7'!$I31/365))) | M27: =IF(ISBLANK(NFFT_All[[#This Row],[M8+]]),"",ABS(NFFT_All[[#This Row],[M8+]]-('statistics-M8'!$I31/365))) -> #VALUE! | O27: =IF(ISBLANK(NFFT_All[[#This Row],[M4+]]),"",ABS(NFFT_All[[#This Row],[M4+]]-('statistics-M4'!$F31/365))) -> 1.5281096 | P27: =IF(ISBLANK(NFFT_All[[#This Row],[M5+]]),"",ABS(NFFT_All[[#This Row],[M5+]]-('statistics-M5'!$F31/365))) -> 1.7451096 | Q27: =IF(ISBLANK(NFFT_All[[#This Row],[M6+]]),"",ABS(NFFT_All[[#This Row],[M6+]]-('statistics-M6'!$F31/365))) | R27: =IF(ISBLANK(NFFT_All[[#This Row],[M7+]]),"",ABS(NFFT_All[[#This Row],[M7+]]-('statistics-M7'!$F31/365))) | S27: =IF(ISBLANK(NFFT_All[[#This Row],[M8+]]),"",ABS(NFFT_All[[#This Row],[M8+]]-('statistics-M8'!$F31/365))) -> #VALUE! | U27: =IF(ISBLANK(NFFT_All[[#This Row],[M4+]]),"",ABS(NFFT_All[[#This Row],[M4+]]-('statistics-M4'!$J31/365))) -> 1.0582466 | V27: =IF(ISBLANK(NFFT_All[[#This Row],[M5+]]),"",ABS(NFFT_All[[#This Row],[M5+]]-('statistics-M5'!$J31/365))) -> 1.1999041 | W27: =IF(ISBLANK(NFFT_All[[#This Row],[M6+]]),"",ABS(NFFT_All[[#This Row],[M6+]]-('statistics-M6'!$J31/365))) | X27: =IF(ISBLANK(NFFT_All[[#This Row],[M7+]]),"",ABS(NFFT_All[[#This Row],[M7+]]-('statistics-M7'!$J31/365))) | Y27: =IF(ISBLANK(NFFT_All[[#This Row],[M8+]]),"",ABS(NFFT_All[[#This Row],[M8+]]-('statistics-M8'!$J31/365))) -> #VALUE!
A28: India | B28: 1 | C28: 2.661 | D28: 2.661 | E28: 4.606 | I28: =IF(ISBLANK(NFFT_All[[#This Row],[M4+]]),"",ABS(NFFT_All[[#This Row],[M4+]]-('statistics-M4'!I32/365))) -> 1.4728541 | J28: =IF(ISBLANK(NFFT_All[[#This Row],[M5+]]),"",ABS(NFFT_All[[#This Row],[M5+]]-('statistics-M5'!$I32/365))) -> 1.4728541 | K28: =IF(ISBLANK(NFFT_All[[#This Row],[M6+]]),"",ABS(NFFT_All[[#This Row],[M6+]]-('statistics-M6'!$I32/365))) -> 1.931426 | L28: =IF(ISBLANK(NFFT_All[[#This Row],[M7+]]),"",ABS(NFFT_All[[#This Row],[M7+]]-('statistics-M7'!$I32/365))) | M28: =IF(ISBLANK(NFFT_All[[#This Row],[M8+]]),"",ABS(NFFT_All[[#This Row],[M8+]]-('statistics-M8'!$I32/365))) -> #VALUE! | O28: =IF(ISBLANK(NFFT_All[[#This Row],[M4+]]),"",ABS(NFFT_All[[#This Row],[M4+]]-('statistics-M4'!$F32/365))) -> 2.1294932 | P28: =IF(ISBLANK(NFFT_All[[#This Row],[M5+]]),"",ABS(NFFT_All[[#This Row],[M5+]]-('statistics-M5'!$F32/365))) -> 2.1294932 | Q28: =IF(ISBLANK(NFFT_All[[#This Row],[M6+]]),"",ABS(NFFT_All[[#This Row],[M6+]]-('statistics-M6'!$F32/365))) -> 4.0744932 | R28: =IF(ISBLANK(NFFT_All[[#This Row],[M7+]]),"",ABS(NFFT_All[[#This Row],[M7+]]-('statistics-M7'!$F32/365))) | S28: =IF(ISBLANK(NFFT_All[[#This Row],[M8+]]),"",ABS(NFFT_All[[#This Row],[M8+]]-('statistics-M8'!$F32/365))) -> #VALUE! | U28: =IF(ISBLANK(NFFT_All[[#This Row],[M4+]]),"",ABS(NFFT_All[[#This Row],[M4+]]-('statistics-M4'!$J32/365))) -> 1.7651096 | V28: =IF(ISBLANK(NFFT_All[[#This Row],[M5+]]),"",ABS(NFFT_All[[#This Row],[M5+]]-('statistics-M5'!$J32/365))) -> 1.7651096 | W28: =IF(ISBLANK(NFFT_All[[#This Row],[M6+]]),"",ABS(NFFT_All[[#This Row],[M6+]]-('statistics-M6'!$J32/365))) -> 2.7731233 | X28: =IF(ISBLANK(NFFT_All[[#This Row],[M7+]]),"",ABS(NFFT_All[[#This Row],[M7+]]-('statistics-M7'!$J32/365))) | Y28: =IF(ISBLANK(NFFT_All[[#This Row],[M8+]]),"",ABS(NFFT_All[[#This Row],[M8+]]-('statistics-M8'!$J32/365))) -> #VALUE!
A29: India | B29: 2 | C29: 2.118 | D29: 2.17 | E29: 4.589 | I29: =IF(ISBLANK(NFFT_All[[#This Row],[M4+]]),"",ABS(NFFT_All[[#This Row],[M4+]]-('statistics-M4'!I33/365))) -> 0.97629093 | J29: =IF(ISBLANK(NFFT_All[[#This Row],[M5+]]),"",ABS(NFFT_All[[#This Row],[M5+]]-('statistics-M5'!$I33/365))) -> 1.0021515 | K29: =IF(ISBLANK(NFFT_All[[#This Row],[M6+]]),"",ABS(NFFT_All[[#This Row],[M6+]]-('statistics-M6'!$I33/365))) -> 1.0034692 | L29: =IF(ISBLANK(NFFT_All[[#This Row],[M7+]]),"",ABS(NFFT_All[[#This Row],[M7+]]-('statistics-M7'!$I33/365))) | M29: =IF(ISBLANK(NFFT_All[[#This Row],[M8+]]),"",ABS(NFFT_All[[#This Row],[M8+]]-('statistics-M8'!$I33/365))) -> #VALUE! | O29: =IF(ISBLANK(NFFT_All[[#This Row],[M4+]]),"",ABS(NFFT_All[[#This Row],[M4+]]-('statistics-M4'!$F33/365))) -> 1.6001918 | P29: =IF(ISBLANK(NFFT_All[[#This Row],[M5+]]),"",ABS(NFFT_All[[#This Row],[M5+]]-('statistics-M5'!$F33/365))) -> 1.6521918 | Q29: =IF(ISBLANK(NFFT_All[[#This Row],[M6+]]),"",ABS(NFFT_All[[#This Row],[M6+]]-('statistics-M6'!$F33/365))) -> 4.049274 | R29: =IF(ISBLANK(NFFT_All[[#This Row],[M7+]]),"",ABS(NFFT_All[[#This Row],[M7+]]-('statistics-M7'!$F33/365))) | S29: =IF(ISBLANK(NFFT_All[[#This Row],[M8+]]),"",ABS(NFFT_All[[#This Row],[M8+]]-('statistics-M8'!$F33/365))) -> #VALUE! | U29: =IF(ISBLANK(NFFT_All[[#This Row],[M4+]]),"",ABS(NFFT_All[[#This Row],[M4+]]-('statistics-M4'!$J33/365))) -> 1.2659452 | V29: =IF(ISBLANK(NFFT_All[[#This Row],[M5+]]),"",ABS(NFFT_All[[#This Row],[M5+]]-('statistics-M5'!$J33/365))) -> 1.2973973 | W29: =IF(ISBLANK(NFFT_All[[#This Row],[M6+]]),"",ABS(NFFT_All[[#This Row],[M6+]]-('statistics-M6'!$J33/365))) -> 2.1259863 | X29: =IF(ISBLANK(NFFT_All[[#This Row],[M7+]]),"",ABS(NFFT_All[[#This Row],[M7+]]-('statistics-M7'!$J33/365))) | Y29: =IF(ISBLANK(NFFT_All[[#This Row],[M8+]]),"",ABS(NFFT_All[[#This Row],[M8+]]-('statistics-M8'!$J33/365))) -> #VALUE!
A30: India | B30: 3 | C30: 2.829 | D30: 2.489 | I30: =IF(ISBLANK(NFFT_All[[#This Row],[M4+]]),"",ABS(NFFT_All[[#This Row],[M4+]]-('statistics-M4'!I34/365))) -> 1.3681319 | J30: =IF(ISBLANK(NFFT_All[[#This Row],[M5+]]),"",ABS(NFFT_All[[#This Row],[M5+]]-('statistics-M5'!$I34/365))) -> 0.91429799 | K30: =IF(ISBLANK(NFFT_All[[#This Row],[M6+]]),"",ABS(NFFT_All[[#This Row],[M6+]]-('statistics-M6'!$I34/365))) | L30: =IF(ISBLANK(NFFT_All[[#This Row],[M7+]]),"",ABS(NFFT_All[[#This Row],[M7+]]-('statistics-M7'!$I34/365))) | M30: =IF(ISBLANK(NFFT_All[[#This Row],[M8+]]),"",ABS(NFFT_All[[#This Row],[M8+]]-('statistics-M8'!$I34/365))) -> #VALUE! | O30: =IF(ISBLANK(NFFT_All[[#This Row],[M4+]]),"",ABS(NFFT_All[[#This Row],[M4+]]-('statistics-M4'!$F34/365))) -> 2.2673562 | P30: =IF(ISBLANK(NFFT_All[[#This Row],[M5+]]),"",ABS(NFFT_All[[#This Row],[M5+]]-('statistics-M5'!$F34/365))) -> 1.9273562 | Q30: =IF(ISBLANK(NFFT_All[[#This Row],[M6+]]),"",ABS(NFFT_All[[#This Row],[M6+]]-('statistics-M6'!$F34/365))) | R30: =IF(ISBLANK(NFFT_All[[#This Row],[M7+]]),"",ABS(NFFT_All[[#This Row],[M7+]]-('statistics-M7'!$F34/365))) | S30: =IF(ISBLANK(NFFT_All[[#This Row],[M8+]]),"",ABS(NFFT_All[[#This Row],[M8+]]-('statistics-M8'!$F34/365))) -> #VALUE! | U30: =IF(ISBLANK(NFFT_All[[#This Row],[M4+]]),"",ABS(NFFT_All[[#This Row],[M4+]]-('statistics-M4'!$J34/365))) -> 1.9495479 | V30: =IF(ISBLANK(NFFT_All[[#This Row],[M5+]]),"",ABS(NFFT_All[[#This Row],[M5+]]-('statistics-M5'!$J34/365))) -> 1.5465342 | W30: =IF(ISBLANK(NFFT_All[[#This Row],[M6+]]),"",ABS(NFFT_All[[#This Row],[M6+]]-('statistics-M6'!$J34/365))) | X30: =IF(ISBLANK(NFFT_All[[#This Row],[M7+]]),"",ABS(NFFT_All[[#This Row],[M7+]]-('statistics-M7'!$J34/365))) | Y30: =IF(ISBLANK(NFFT_All[[#This Row],[M8+]]),"",ABS(NFFT_All[[#This Row],[M8+]]-('statistics-M8'!$J34/365))) -> #VALUE!
A31: Iran | B31: 1 | C31: 2.157 | D31: 2.157 | E31: 4.467 | I31: =IF(ISBLANK(NFFT_All[[#This Row],[M4+]]),"",ABS(NFFT_All[[#This Row],[M4+]]-('statistics-M4'!I35/365))) -> 1.0945391 | J31: =IF(ISBLANK(NFFT_All[[#This Row],[M5+]]),"",ABS(NFFT_All[[#This Row],[M5+]]-('statistics-M5'!$I35/365))) -> 1.0945391 | K31: =IF(ISBLANK(NFFT_All[[#This Row],[M6+]]),"",ABS(NFFT_All[[#This Row],[M6+]]-('statistics-M6'!$I35/365))) -> 1.3734888 | L31: =IF(ISBLANK(NFFT_All[[#This Row],[M7+]]),"",ABS(NFFT_All[[#This Row],[M7+]]-('statistics-M7'!$I35/365))) | M31: =IF(ISBLANK(NFFT_All[[#This Row],[M8+]]),"",ABS(NFFT_All[[#This Row],[M8+]]-('statistics-M8'!$I35/365))) -> #VALUE! | O31: =IF(ISBLANK(NFFT_All[[#This Row],[M4+]]),"",ABS(NFFT_All[[#This Row],[M4+]]-('statistics-M4'!$F35/365))) -> 1.4830274 | P31: =IF(ISBLANK(NFFT_All[[#This Row],[M5+]]),"",ABS(NFFT_All[[#This Row],[M5+]]-('statistics-M5'!$F35/365))) -> 1.4830274 | Q31: =IF(ISBLANK(NFFT_All[[#This Row],[M6+]]),"",ABS(NFFT_All[[#This Row],[M6+]]-('statistics-M6'!$F35/365))) -> 3.7930274 | R31: =IF(ISBLANK(NFFT_All[[#This Row],[M7+]]),"",ABS(NFFT_All[[#This Row],[M7+]]-('statistics-M7'!$F35/365))) | S31: =IF(ISBLANK(NFFT_All[[#This Row],[M8+]]),"",ABS(NFFT_All[[#This Row],[M8+]]-('statistics-M8'!$F35/365))) -> #VALUE! | U31: =IF(ISBLANK(NFFT_All[[#This Row],[M4+]]),"",ABS(NFFT_All[[#This Row],[M4+]]-('statistics-M4'!$J35/365))) -> 1.326863 | V31: =IF(ISBLANK(NFFT_All[[#This Row],[M5+]]),"",ABS(NFFT_All[[#This Row],[M5+]]-('statistics-M5'!$J35/365))) -> 1.326863 | W31: =IF(ISBLANK(NFFT_All[[#This Row],[M6+]]),"",ABS(NFFT_All[[#This Row],[M6+]]-('statistics-M6'!$J35/365))) -> 2.1231644 | X31: =IF(ISBLANK(NFFT_All[[#This Row],[M7+]]),"",ABS(NFFT_All[[#This Row],[M7+]]-('statistics-M7'!$J35/365))) | Y31: =IF(ISBLANK(NFFT_All[[#This Row],[M8+]]),"",ABS(NFFT_All[[#This Row],[M8+]]-('statistics-M8'!$J35/365))) -> #VALUE!
A32: Iran | B32: 2 | C32: 2.236 | D32: 2.038 | I32: =IF(ISBLANK(NFFT_All[[#This Row],[M4+]]),"",ABS(NFFT_All[[#This Row],[M4+]]-('statistics-M4'!I36/365))) -> 0.82871908 | J32: =IF(ISBLANK(NFFT_All[[#This Row],[M5+]]),"",ABS(NFFT_All[[#This Row],[M5+]]-('statistics-M5'!$I36/365))) -> 0.18514819 | K32: =IF(ISBLANK(NFFT_All[[#This Row],[M6+]]),"",ABS(NFFT_All[[#This Row],[M6+]]-('statistics-M6'!$I36/365))) | L32: =IF(ISBLANK(NFFT_All[[#This Row],[M7+]]),"",ABS(NFFT_All[[#This Row],[M7+]]-('statistics-M7'!$I36/365))) | M32: =IF(ISBLANK(NFFT_All[[#This Row],[M8+]]),"",ABS(NFFT_All[[#This Row],[M8+]]-('statistics-M8'!$I36/365))) -> #VALUE! | O32: =IF(ISBLANK(NFFT_All[[#This Row],[M4+]]),"",ABS(NFFT_All[[#This Row],[M4+]]-('statistics-M4'!$F36/365))) -> 1.6140822 | P32: =IF(ISBLANK(NFFT_All[[#This Row],[M5+]]),"",ABS(NFFT_All[[#This Row],[M5+]]-('statistics-M5'!$F36/365))) -> 0.98320548 | Q32: =IF(ISBLANK(NFFT_All[[#This Row],[M6+]]),"",ABS(NFFT_All[[#This Row],[M6+]]-('statistics-M6'!$F36/365))) | R32: =IF(ISBLANK(NFFT_All[[#This Row],[M7+]]),"",ABS(NFFT_All[[#This Row],[M7+]]-('statistics-M7'!$F36/365))) | S32: =IF(ISBLANK(NFFT_All[[#This Row],[M8+]]),"",ABS(NFFT_All[[#This Row],[M8+]]-('statistics-M8'!$F36/365))) -> #VALUE! | U32: =IF(ISBLANK(NFFT_All[[#This Row],[M4+]]),"",ABS(NFFT_All[[#This Row],[M4+]]-('statistics-M4'!$J36/365))) -> 1.3236712 | V32: =IF(ISBLANK(NFFT_All[[#This Row],[M5+]]),"",ABS(NFFT_All[[#This Row],[M5+]]-('statistics-M5'!$J36/365))) -> 0.8270411 | W32: =IF(ISBLANK(NFFT_All[[#This Row],[M6+]]),"",ABS(NFFT_All[[#This Row],[M6+]]-('statistics-M6'!$J36/365))) | X32: =IF(ISBLANK(NFFT_All[[#This Row],[M7+]]),"",ABS(NFFT_All[[#This Row],[M7+]]-('statistics-M7'!$J36/365))) | Y32: =IF(ISBLANK(NFFT_All[[#This Row],[M8+]]),"",ABS(NFFT_All[[#This Row],[M8+]]-('statistics-M8'!$J36/365))) -> #VALUE!
